[
    {
        "no": 1,
        "industry_id": 1,
        "year_id": 1,
        "demand": 25
    },
    {
        "no": 2,
        "industry_id": 2,
        "year_id": 1,
        "demand": 26
    },
    {
        "no": 3,
        "industry_id": 3,
        "year_id": 1,
        "demand": 10
    },
    {
        "no": 4,
        "industry_id": 4,
        "year_id": 1,
        "demand": 26
    },
    {
        "no": 5,
        "industry_id": 5,
        "year_id": 1,
        "demand": 15
    },
    {
        "no": 6,
        "industry_id": 6,
        "year_id": 1,
        "demand": 24
    },
    {
        "no": 7,
        "industry_id": 7,
        "year_id": 1,
        "demand": 30
    },
    {
        "no": 8,
        "industry_id": 8,
        "year_id": 1,
        "demand": 16
    },
    {
        "no": 9,
        "industry_id": 9,
        "year_id": 1,
        "demand": 28
    },
    {
        "no": 10,
        "industry_id": 10,
        "year_id": 1,
        "demand": 24
    },
    {
        "no": 11,
        "industry_id": 11,
        "year_id": 1,
        "demand": 11
    },
    {
        "no": 12,
        "industry_id": 12,
        "year_id": 1,
        "demand": 13
    },
    {
        "no": 13,
        "industry_id": 13,
        "year_id": 1,
        "demand": 13
    },
    {
        "no": 14,
        "industry_id": 14,
        "year_id": 1,
        "demand": 14
    },
    {
        "no": 15,
        "industry_id": 15,
        "year_id": 1,
        "demand": 26
    },
    {
        "no": 16,
        "industry_id": 1,
        "year_id": 2,
        "demand": 26
    },
    {
        "no": 17,
        "industry_id": 2,
        "year_id": 2,
        "demand": 27
    },
    {
        "no": 18,
        "industry_id": 3,
        "year_id": 2,
        "demand": 11
    },
    {
        "no": 19,
        "industry_id": 4,
        "year_id": 2,
        "demand": 30
    },
    {
        "no": 20,
        "industry_id": 5,
        "year_id": 2,
        "demand": 16
    },
    {
        "no": 21,
        "industry_id": 6,
        "year_id": 2,
        "demand": 24
    },
    {
        "no": 22,
        "industry_id": 7,
        "year_id": 2,
        "demand": 29
    },
    {
        "no": 23,
        "industry_id": 8,
        "year_id": 2,
        "demand": 16
    },
    {
        "no": 24,
        "industry_id": 9,
        "year_id": 2,
        "demand": 31
    },
    {
        "no": 25,
        "industry_id": 10,
        "year_id": 2,
        "demand": 27
    },
    {
        "no": 26,
        "industry_id": 11,
        "year_id": 2,
        "demand": 12
    },
    {
        "no": 27,
        "industry_id": 12,
        "year_id": 2,
        "demand": 13
    },
    {
        "no": 28,
        "industry_id": 13,
        "year_id": 2,
        "demand": 14
    },
    {
        "no": 29,
        "industry_id": 14,
        "year_id": 2,
        "demand": 16
    },
    {
        "no": 30,
        "industry_id": 15,
        "year_id": 2,
        "demand": 27
    },
    {
        "no": 31,
        "industry_id": 1,
        "year_id": 3,
        "demand": 30
    },
    {
        "no": 32,
        "industry_id": 2,
        "year_id": 3,
        "demand": 29
    },
    {
        "no": 33,
        "industry_id": 3,
        "year_id": 3,
        "demand": 12
    },
    {
        "no": 34,
        "industry_id": 4,
        "year_id": 3,
        "demand": 32
    },
    {
        "no": 35,
        "industry_id": 5,
        "year_id": 3,
        "demand": 18
    },
    {
        "no": 36,
        "industry_id": 6,
        "year_id": 3,
        "demand": 24
    },
    {
        "no": 37,
        "industry_id": 7,
        "year_id": 3,
        "demand": 30
    },
    {
        "no": 38,
        "industry_id": 8,
        "year_id": 3,
        "demand": 18
    },
    {
        "no": 39,
        "industry_id": 9,
        "year_id": 3,
        "demand": 35
    },
    {
        "no": 40,
        "industry_id": 10,
        "year_id": 3,
        "demand": 29
    },
    {
        "no": 41,
        "industry_id": 11,
        "year_id": 3,
        "demand": 13
    },
    {
        "no": 42,
        "industry_id": 12,
        "year_id": 3,
        "demand": 15
    },
    {
        "no": 43,
        "industry_id": 13,
        "year_id": 3,
        "demand": 16
    },
    {
        "no": 44,
        "industry_id": 14,
        "year_id": 3,
        "demand": 17
    },
    {
        "no": 45,
        "industry_id": 15,
        "year_id": 3,
        "demand": 27
    },
    {
        "no": 46,
        "industry_id": 1,
        "year_id": 4,
        "demand": 29
    },
    {
        "no": 47,
        "industry_id": 2,
        "year_id": 4,
        "demand": 30
    },
    {
        "no": 48,
        "industry_id": 3,
        "year_id": 4,
        "demand": 13
    },
    {
        "no": 49,
        "industry_id": 4,
        "year_id": 4,
        "demand": 34
    },
    {
        "no": 50,
        "industry_id": 5,
        "year_id": 4,
        "demand": 20
    },
    {
        "no": 51,
        "industry_id": 6,
        "year_id": 4,
        "demand": 24
    },
    {
        "no": 52,
        "industry_id": 7,
        "year_id": 4,
        "demand": 33
    },
    {
        "no": 53,
        "industry_id": 8,
        "year_id": 4,
        "demand": 21
    },
    {
        "no": 54,
        "industry_id": 9,
        "year_id": 4,
        "demand": 40
    },
    {
        "no": 55,
        "industry_id": 10,
        "year_id": 4,
        "demand": 31
    },
    {
        "no": 56,
        "industry_id": 11,
        "year_id": 4,
        "demand": 13
    },
    {
        "no": 57,
        "industry_id": 12,
        "year_id": 4,
        "demand": 17
    },
    {
        "no": 58,
        "industry_id": 13,
        "year_id": 4,
        "demand": 16
    },
    {
        "no": 59,
        "industry_id": 14,
        "year_id": 4,
        "demand": 17
    },
    {
        "no": 60,
        "industry_id": 15,
        "year_id": 4,
        "demand": 29
    },
    {
        "no": 61,
        "industry_id": 1,
        "year_id": 5,
        "demand": 28
    },
    {
        "no": 62,
        "industry_id": 2,
        "year_id": 5,
        "demand": 31
    },
    {
        "no": 63,
        "industry_id": 3,
        "year_id": 5,
        "demand": 14
    },
    {
        "no": 64,
        "industry_id": 4,
        "year_id": 5,
        "demand": 37
    },
    {
        "no": 65,
        "industry_id": 5,
        "year_id": 5,
        "demand": 21
    },
    {
        "no": 66,
        "industry_id": 6,
        "year_id": 5,
        "demand": 24
    },
    {
        "no": 67,
        "industry_id": 7,
        "year_id": 5,
        "demand": 34
    },
    {
        "no": 68,
        "industry_id": 8,
        "year_id": 5,
        "demand": 22
    },
    {
        "no": 69,
        "industry_id": 9,
        "year_id": 5,
        "demand": 43
    },
    {
        "no": 70,
        "industry_id": 10,
        "year_id": 5,
        "demand": 35
    },
    {
        "no": 71,
        "industry_id": 11,
        "year_id": 5,
        "demand": 14
    },
    {
        "no": 72,
        "industry_id": 12,
        "year_id": 5,
        "demand": 19
    },
    {
        "no": 73,
        "industry_id": 13,
        "year_id": 5,
        "demand": 18
    },
    {
        "no": 74,
        "industry_id": 14,
        "year_id": 5,
        "demand": 19
    },
    {
        "no": 75,
        "industry_id": 15,
        "year_id": 5,
        "demand": 32
    },
    {
        "no": 76,
        "industry_id": 1,
        "year_id": 6,
        "demand": 31
    },
    {
        "no": 77,
        "industry_id": 2,
        "year_id": 6,
        "demand": 33
    },
    {
        "no": 78,
        "industry_id": 3,
        "year_id": 6,
        "demand": 15
    },
    {
        "no": 79,
        "industry_id": 4,
        "year_id": 6,
        "demand": 40
    },
    {
        "no": 80,
        "industry_id": 5,
        "year_id": 6,
        "demand": 23
    },
    {
        "no": 81,
        "industry_id": 6,
        "year_id": 6,
        "demand": 26
    },
    {
        "no": 82,
        "industry_id": 7,
        "year_id": 6,
        "demand": 38
    },
    {
        "no": 83,
        "industry_id": 8,
        "year_id": 6,
        "demand": 23
    },
    {
        "no": 84,
        "industry_id": 9,
        "year_id": 6,
        "demand": 43
    },
    {
        "no": 85,
        "industry_id": 10,
        "year_id": 6,
        "demand": 40
    },
    {
        "no": 86,
        "industry_id": 11,
        "year_id": 6,
        "demand": 15
    },
    {
        "no": 87,
        "industry_id": 12,
        "year_id": 6,
        "demand": 20
    },
    {
        "no": 88,
        "industry_id": 13,
        "year_id": 6,
        "demand": 19
    },
    {
        "no": 89,
        "industry_id": 14,
        "year_id": 6,
        "demand": 20
    },
    {
        "no": 90,
        "industry_id": 15,
        "year_id": 6,
        "demand": 34
    },
    {
        "no": 91,
        "industry_id": 1,
        "year_id": 7,
        "demand": 33
    },
    {
        "no": 92,
        "industry_id": 2,
        "year_id": 7,
        "demand": 33
    },
    {
        "no": 93,
        "industry_id": 3,
        "year_id": 7,
        "demand": 16
    },
    {
        "no": 94,
        "industry_id": 4,
        "year_id": 7,
        "demand": 40
    },
    {
        "no": 95,
        "industry_id": 5,
        "year_id": 7,
        "demand": 24
    },
    {
        "no": 96,
        "industry_id": 6,
        "year_id": 7,
        "demand": 29
    },
    {
        "no": 97,
        "industry_id": 7,
        "year_id": 7,
        "demand": 43
    },
    {
        "no": 98,
        "industry_id": 8,
        "year_id": 7,
        "demand": 26
    },
    {
        "no": 99,
        "industry_id": 9,
        "year_id": 7,
        "demand": 46
    },
    {
        "no": 100,
        "industry_id": 10,
        "year_id": 7,
        "demand": 39
    },
    {
        "no": 101,
        "industry_id": 11,
        "year_id": 7,
        "demand": 15
    },
    {
        "no": 102,
        "industry_id": 12,
        "year_id": 7,
        "demand": 21
    },
    {
        "no": 103,
        "industry_id": 13,
        "year_id": 7,
        "demand": 21
    },
    {
        "no": 104,
        "industry_id": 14,
        "year_id": 7,
        "demand": 21
    },
    {
        "no": 105,
        "industry_id": 15,
        "year_id": 7,
        "demand": 35
    },
    {
        "no": 106,
        "industry_id": 1,
        "year_id": 8,
        "demand": 37
    },
    {
        "no": 107,
        "industry_id": 2,
        "year_id": 8,
        "demand": 34
    },
    {
        "no": 108,
        "industry_id": 3,
        "year_id": 8,
        "demand": 17
    },
    {
        "no": 109,
        "industry_id": 4,
        "year_id": 8,
        "demand": 42
    },
    {
        "no": 110,
        "industry_id": 5,
        "year_id": 8,
        "demand": 25
    },
    {
        "no": 111,
        "industry_id": 6,
        "year_id": 8,
        "demand": 28
    },
    {
        "no": 112,
        "industry_id": 7,
        "year_id": 8,
        "demand": 47
    },
    {
        "no": 113,
        "industry_id": 8,
        "year_id": 8,
        "demand": 26
    },
    {
        "no": 114,
        "industry_id": 9,
        "year_id": 8,
        "demand": 49
    },
    {
        "no": 115,
        "industry_id": 10,
        "year_id": 8,
        "demand": 39
    },
    {
        "no": 116,
        "industry_id": 11,
        "year_id": 8,
        "demand": 16
    },
    {
        "no": 117,
        "industry_id": 12,
        "year_id": 8,
        "demand": 21
    },
    {
        "no": 118,
        "industry_id": 13,
        "year_id": 8,
        "demand": 24
    },
    {
        "no": 119,
        "industry_id": 14,
        "year_id": 8,
        "demand": 21
    },
    {
        "no": 120,
        "industry_id": 15,
        "year_id": 8,
        "demand": 35
    },
    {
        "no": 121,
        "industry_id": 1,
        "year_id": 9,
        "demand": 40
    },
    {
        "no": 122,
        "industry_id": 2,
        "year_id": 9,
        "demand": 33
    },
    {
        "no": 123,
        "industry_id": 3,
        "year_id": 9,
        "demand": 17
    },
    {
        "no": 124,
        "industry_id": 4,
        "year_id": 9,
        "demand": 43
    },
    {
        "no": 125,
        "industry_id": 5,
        "year_id": 9,
        "demand": 24
    },
    {
        "no": 126,
        "industry_id": 6,
        "year_id": 9,
        "demand": 29
    },
    {
        "no": 127,
        "industry_id": 7,
        "year_id": 9,
        "demand": 51
    },
    {
        "no": 128,
        "industry_id": 8,
        "year_id": 9,
        "demand": 26
    },
    {
        "no": 129,
        "industry_id": 9,
        "year_id": 9,
        "demand": 53
    },
    {
        "no": 130,
        "industry_id": 10,
        "year_id": 9,
        "demand": 41
    },
    {
        "no": 131,
        "industry_id": 11,
        "year_id": 9,
        "demand": 17
    },
    {
        "no": 132,
        "industry_id": 12,
        "year_id": 9,
        "demand": 23
    },
    {
        "no": 133,
        "industry_id": 13,
        "year_id": 9,
        "demand": 24
    },
    {
        "no": 134,
        "industry_id": 14,
        "year_id": 9,
        "demand": 21
    },
    {
        "no": 135,
        "industry_id": 15,
        "year_id": 9,
        "demand": 37
    },
    {
        "no": 136,
        "industry_id": 1,
        "year_id": 10,
        "demand": 38
    },
    {
        "no": 137,
        "industry_id": 2,
        "year_id": 10,
        "demand": 36
    },
    {
        "no": 138,
        "industry_id": 3,
        "year_id": 10,
        "demand": 17
    },
    {
        "no": 139,
        "industry_id": 4,
        "year_id": 10,
        "demand": 41
    },
    {
        "no": 140,
        "industry_id": 5,
        "year_id": 10,
        "demand": 24
    },
    {
        "no": 141,
        "industry_id": 6,
        "year_id": 10,
        "demand": 30
    },
    {
        "no": 142,
        "industry_id": 7,
        "year_id": 10,
        "demand": 56
    },
    {
        "no": 143,
        "industry_id": 8,
        "year_id": 10,
        "demand": 29
    },
    {
        "no": 144,
        "industry_id": 9,
        "year_id": 10,
        "demand": 56
    },
    {
        "no": 145,
        "industry_id": 10,
        "year_id": 10,
        "demand": 44
    },
    {
        "no": 146,
        "industry_id": 11,
        "year_id": 10,
        "demand": 19
    },
    {
        "no": 147,
        "industry_id": 12,
        "year_id": 10,
        "demand": 24
    },
    {
        "no": 148,
        "industry_id": 13,
        "year_id": 10,
        "demand": 23
    },
    {
        "no": 149,
        "industry_id": 14,
        "year_id": 10,
        "demand": 23
    },
    {
        "no": 150,
        "industry_id": 15,
        "year_id": 10,
        "demand": 40
    },
    {
        "no": 151,
        "industry_id": 1,
        "year_id": 11,
        "demand": 39
    },
    {
        "no": 152,
        "industry_id": 2,
        "year_id": 11,
        "demand": 41
    },
    {
        "no": 153,
        "industry_id": 3,
        "year_id": 11,
        "demand": 17
    },
    {
        "no": 154,
        "industry_id": 4,
        "year_id": 11,
        "demand": 42
    },
    {
        "no": 155,
        "industry_id": 5,
        "year_id": 11,
        "demand": 27
    },
    {
        "no": 156,
        "industry_id": 6,
        "year_id": 11,
        "demand": 31
    },
    {
        "no": 157,
        "industry_id": 7,
        "year_id": 11,
        "demand": 58
    },
    {
        "no": 158,
        "industry_id": 8,
        "year_id": 11,
        "demand": 33
    },
    {
        "no": 159,
        "industry_id": 9,
        "year_id": 11,
        "demand": 59
    },
    {
        "no": 160,
        "industry_id": 10,
        "year_id": 11,
        "demand": 46
    },
    {
        "no": 161,
        "industry_id": 11,
        "year_id": 11,
        "demand": 21
    },
    {
        "no": 162,
        "industry_id": 12,
        "year_id": 11,
        "demand": 25
    },
    {
        "no": 163,
        "industry_id": 13,
        "year_id": 11,
        "demand": 26
    },
    {
        "no": 164,
        "industry_id": 14,
        "year_id": 11,
        "demand": 23
    },
    {
        "no": 165,
        "industry_id": 15,
        "year_id": 11,
        "demand": 45
    },
    {
        "no": 166,
        "industry_id": 1,
        "year_id": 12,
        "demand": 42
    },
    {
        "no": 167,
        "industry_id": 2,
        "year_id": 12,
        "demand": 41
    },
    {
        "no": 168,
        "industry_id": 3,
        "year_id": 12,
        "demand": 19
    },
    {
        "no": 169,
        "industry_id": 4,
        "year_id": 12,
        "demand": 46
    },
    {
        "no": 170,
        "industry_id": 5,
        "year_id": 12,
        "demand": 30
    },
    {
        "no": 171,
        "industry_id": 6,
        "year_id": 12,
        "demand": 34
    },
    {
        "no": 172,
        "industry_id": 7,
        "year_id": 12,
        "demand": 61
    },
    {
        "no": 173,
        "industry_id": 8,
        "year_id": 12,
        "demand": 36
    },
    {
        "no": 174,
        "industry_id": 9,
        "year_id": 12,
        "demand": 61
    },
    {
        "no": 175,
        "industry_id": 10,
        "year_id": 12,
        "demand": 48
    },
    {
        "no": 176,
        "industry_id": 11,
        "year_id": 12,
        "demand": 21
    },
    {
        "no": 177,
        "industry_id": 12,
        "year_id": 12,
        "demand": 24
    },
    {
        "no": 178,
        "industry_id": 13,
        "year_id": 12,
        "demand": 30
    },
    {
        "no": 179,
        "industry_id": 14,
        "year_id": 12,
        "demand": 26
    },
    {
        "no": 180,
        "industry_id": 15,
        "year_id": 12,
        "demand": 50
    },
    {
        "no": 181,
        "industry_id": 1,
        "year_id": 13,
        "demand": 46
    },
    {
        "no": 182,
        "industry_id": 2,
        "year_id": 13,
        "demand": 39
    },
    {
        "no": 183,
        "industry_id": 3,
        "year_id": 13,
        "demand": 22
    },
    {
        "no": 184,
        "industry_id": 4,
        "year_id": 13,
        "demand": 46
    },
    {
        "no": 185,
        "industry_id": 5,
        "year_id": 13,
        "demand": 34
    },
    {
        "no": 186,
        "industry_id": 6,
        "year_id": 13,
        "demand": 35
    },
    {
        "no": 187,
        "industry_id": 7,
        "year_id": 13,
        "demand": 66
    },
    {
        "no": 188,
        "industry_id": 8,
        "year_id": 13,
        "demand": 38
    },
    {
        "no": 189,
        "industry_id": 9,
        "year_id": 13,
        "demand": 60
    },
    {
        "no": 190,
        "industry_id": 10,
        "year_id": 13,
        "demand": 49
    },
    {
        "no": 191,
        "industry_id": 11,
        "year_id": 13,
        "demand": 24
    },
    {
        "no": 192,
        "industry_id": 12,
        "year_id": 13,
        "demand": 25
    },
    {
        "no": 193,
        "industry_id": 13,
        "year_id": 13,
        "demand": 34
    },
    {
        "no": 194,
        "industry_id": 14,
        "year_id": 13,
        "demand": 29
    },
    {
        "no": 195,
        "industry_id": 15,
        "year_id": 13,
        "demand": 55
    },
    {
        "no": 196,
        "industry_id": 1,
        "year_id": 14,
        "demand": 48
    },
    {
        "no": 197,
        "industry_id": 2,
        "year_id": 14,
        "demand": 44
    },
    {
        "no": 198,
        "industry_id": 3,
        "year_id": 14,
        "demand": 21
    },
    {
        "no": 199,
        "industry_id": 4,
        "year_id": 14,
        "demand": 46
    },
    {
        "no": 200,
        "industry_id": 5,
        "year_id": 14,
        "demand": 34
    },
    {
        "no": 201,
        "industry_id": 6,
        "year_id": 14,
        "demand": 34
    },
    {
        "no": 202,
        "industry_id": 7,
        "year_id": 14,
        "demand": 63
    },
    {
        "no": 203,
        "industry_id": 8,
        "year_id": 14,
        "demand": 39
    },
    {
        "no": 204,
        "industry_id": 9,
        "year_id": 14,
        "demand": 58
    },
    {
        "no": 205,
        "industry_id": 10,
        "year_id": 14,
        "demand": 50
    },
    {
        "no": 206,
        "industry_id": 11,
        "year_id": 14,
        "demand": 24
    },
    {
        "no": 207,
        "industry_id": 12,
        "year_id": 14,
        "demand": 25
    },
    {
        "no": 208,
        "industry_id": 13,
        "year_id": 14,
        "demand": 36
    },
    {
        "no": 209,
        "industry_id": 14,
        "year_id": 14,
        "demand": 32
    },
    {
        "no": 210,
        "industry_id": 15,
        "year_id": 14,
        "demand": 59
    },
    {
        "no": 211,
        "industry_id": 1,
        "year_id": 15,
        "demand": 46
    },
    {
        "no": 212,
        "industry_id": 2,
        "year_id": 15,
        "demand": 44
    },
    {
        "no": 213,
        "industry_id": 3,
        "year_id": 15,
        "demand": 23
    },
    {
        "no": 214,
        "industry_id": 4,
        "year_id": 15,
        "demand": 51
    },
    {
        "no": 215,
        "industry_id": 5,
        "year_id": 15,
        "demand": 38
    },
    {
        "no": 216,
        "industry_id": 6,
        "year_id": 15,
        "demand": 35
    },
    {
        "no": 217,
        "industry_id": 7,
        "year_id": 15,
        "demand": 60
    },
    {
        "no": 218,
        "industry_id": 8,
        "year_id": 15,
        "demand": 39
    },
    {
        "no": 219,
        "industry_id": 9,
        "year_id": 15,
        "demand": 64
    },
    {
        "no": 220,
        "industry_id": 10,
        "year_id": 15,
        "demand": 56
    },
    {
        "no": 221,
        "industry_id": 11,
        "year_id": 15,
        "demand": 27
    },
    {
        "no": 222,
        "industry_id": 12,
        "year_id": 15,
        "demand": 25
    },
    {
        "no": 223,
        "industry_id": 13,
        "year_id": 15,
        "demand": 36
    },
    {
        "no": 224,
        "industry_id": 14,
        "year_id": 15,
        "demand": 36
    },
    {
        "no": 225,
        "industry_id": 15,
        "year_id": 15,
        "demand": 59
    },
    {
        "no": 226,
        "industry_id": 1,
        "year_id": 16,
        "demand": 49
    },
    {
        "no": 227,
        "industry_id": 2,
        "year_id": 16,
        "demand": 44
    },
    {
        "no": 228,
        "industry_id": 3,
        "year_id": 16,
        "demand": 23
    },
    {
        "no": 229,
        "industry_id": 4,
        "year_id": 16,
        "demand": 58
    },
    {
        "no": 230,
        "industry_id": 5,
        "year_id": 16,
        "demand": 41
    },
    {
        "no": 231,
        "industry_id": 6,
        "year_id": 16,
        "demand": 35
    },
    {
        "no": 232,
        "industry_id": 7,
        "year_id": 16,
        "demand": 57
    },
    {
        "no": 233,
        "industry_id": 8,
        "year_id": 16,
        "demand": 39
    },
    {
        "no": 234,
        "industry_id": 9,
        "year_id": 16,
        "demand": 64
    },
    {
        "no": 235,
        "industry_id": 10,
        "year_id": 16,
        "demand": 59
    },
    {
        "no": 236,
        "industry_id": 11,
        "year_id": 16,
        "demand": 28
    },
    {
        "no": 237,
        "industry_id": 12,
        "year_id": 16,
        "demand": 27
    },
    {
        "no": 238,
        "industry_id": 13,
        "year_id": 16,
        "demand": 39
    },
    {
        "no": 239,
        "industry_id": 14,
        "year_id": 16,
        "demand": 40
    },
    {
        "no": 240,
        "industry_id": 15,
        "year_id": 16,
        "demand": 58
    },
    {
        "no": 241,
        "industry_id": 1,
        "year_id": 17,
        "demand": 50
    },
    {
        "no": 242,
        "industry_id": 2,
        "year_id": 17,
        "demand": 45
    },
    {
        "no": 243,
        "industry_id": 3,
        "year_id": 17,
        "demand": 25
    },
    {
        "no": 244,
        "industry_id": 4,
        "year_id": 17,
        "demand": 58
    },
    {
        "no": 245,
        "industry_id": 5,
        "year_id": 17,
        "demand": 45
    },
    {
        "no": 246,
        "industry_id": 6,
        "year_id": 17,
        "demand": 40
    },
    {
        "no": 247,
        "industry_id": 7,
        "year_id": 17,
        "demand": 60
    },
    {
        "no": 248,
        "industry_id": 8,
        "year_id": 17,
        "demand": 40
    },
    {
        "no": 249,
        "industry_id": 9,
        "year_id": 17,
        "demand": 63
    },
    {
        "no": 250,
        "industry_id": 10,
        "year_id": 17,
        "demand": 57
    },
    {
        "no": 251,
        "industry_id": 11,
        "year_id": 17,
        "demand": 31
    },
    {
        "no": 252,
        "industry_id": 12,
        "year_id": 17,
        "demand": 29
    },
    {
        "no": 253,
        "industry_id": 13,
        "year_id": 17,
        "demand": 39
    },
    {
        "no": 254,
        "industry_id": 14,
        "year_id": 17,
        "demand": 45
    },
    {
        "no": 255,
        "industry_id": 15,
        "year_id": 17,
        "demand": 56
    },
    {
        "no": 256,
        "industry_id": 1,
        "year_id": 18,
        "demand": 54
    },
    {
        "no": 257,
        "industry_id": 2,
        "year_id": 18,
        "demand": 43
    },
    {
        "no": 258,
        "industry_id": 3,
        "year_id": 18,
        "demand": 27
    },
    {
        "no": 259,
        "industry_id": 4,
        "year_id": 18,
        "demand": 61
    },
    {
        "no": 260,
        "industry_id": 5,
        "year_id": 18,
        "demand": 50
    },
    {
        "no": 261,
        "industry_id": 6,
        "year_id": 18,
        "demand": 42
    },
    {
        "no": 262,
        "industry_id": 7,
        "year_id": 18,
        "demand": 60
    },
    {
        "no": 263,
        "industry_id": 8,
        "year_id": 18,
        "demand": 45
    },
    {
        "no": 264,
        "industry_id": 9,
        "year_id": 18,
        "demand": 61
    },
    {
        "no": 265,
        "industry_id": 10,
        "year_id": 18,
        "demand": 55
    },
    {
        "no": 266,
        "industry_id": 11,
        "year_id": 18,
        "demand": 34
    },
    {
        "no": 267,
        "industry_id": 12,
        "year_id": 18,
        "demand": 33
    },
    {
        "no": 268,
        "industry_id": 13,
        "year_id": 18,
        "demand": 43
    },
    {
        "no": 269,
        "industry_id": 14,
        "year_id": 18,
        "demand": 45
    },
    {
        "no": 270,
        "industry_id": 15,
        "year_id": 18,
        "demand": 58
    },
    {
        "no": 271,
        "industry_id": 1,
        "year_id": 19,
        "demand": 54
    },
    {
        "no": 272,
        "industry_id": 2,
        "year_id": 19,
        "demand": 46
    },
    {
        "no": 273,
        "industry_id": 3,
        "year_id": 19,
        "demand": 30
    },
    {
        "no": 274,
        "industry_id": 4,
        "year_id": 19,
        "demand": 65
    },
    {
        "no": 275,
        "industry_id": 5,
        "year_id": 19,
        "demand": 54
    },
    {
        "no": 276,
        "industry_id": 6,
        "year_id": 19,
        "demand": 45
    },
    {
        "no": 277,
        "industry_id": 7,
        "year_id": 19,
        "demand": 58
    },
    {
        "no": 278,
        "industry_id": 8,
        "year_id": 19,
        "demand": 50
    },
    {
        "no": 279,
        "industry_id": 9,
        "year_id": 19,
        "demand": 63
    },
    {
        "no": 280,
        "industry_id": 10,
        "year_id": 19,
        "demand": 57
    },
    {
        "no": 281,
        "industry_id": 11,
        "year_id": 19,
        "demand": 33
    },
    {
        "no": 282,
        "industry_id": 12,
        "year_id": 19,
        "demand": 34
    },
    {
        "no": 283,
        "industry_id": 13,
        "year_id": 19,
        "demand": 45
    },
    {
        "no": 284,
        "industry_id": 14,
        "year_id": 19,
        "demand": 47
    },
    {
        "no": 285,
        "industry_id": 15,
        "year_id": 19,
        "demand": 61
    },
    {
        "no": 286,
        "industry_id": 1,
        "year_id": 20,
        "demand": 54
    },
    {
        "no": 287,
        "industry_id": 2,
        "year_id": 20,
        "demand": 50
    },
    {
        "no": 288,
        "industry_id": 3,
        "year_id": 20,
        "demand": 32
    },
    {
        "no": 289,
        "industry_id": 4,
        "year_id": 20,
        "demand": 68
    },
    {
        "no": 290,
        "industry_id": 5,
        "year_id": 20,
        "demand": 54
    },
    {
        "no": 291,
        "industry_id": 6,
        "year_id": 20,
        "demand": 50
    },
    {
        "no": 292,
        "industry_id": 7,
        "year_id": 20,
        "demand": 57
    },
    {
        "no": 293,
        "industry_id": 8,
        "year_id": 20,
        "demand": 55
    },
    {
        "no": 294,
        "industry_id": 9,
        "year_id": 20,
        "demand": 68
    },
    {
        "no": 295,
        "industry_id": 10,
        "year_id": 20,
        "demand": 64
    },
    {
        "no": 296,
        "industry_id": 11,
        "year_id": 20,
        "demand": 37
    },
    {
        "no": 297,
        "industry_id": 12,
        "year_id": 20,
        "demand": 37
    },
    {
        "no": 298,
        "industry_id": 13,
        "year_id": 20,
        "demand": 51
    },
    {
        "no": 299,
        "industry_id": 14,
        "year_id": 20,
        "demand": 49
    },
    {
        "no": 300,
        "industry_id": 15,
        "year_id": 20,
        "demand": 68
    },
    {
        "no": 301,
        "industry_id": 1,
        "year_id": 21,
        "demand": 58
    },
    {
        "no": 302,
        "industry_id": 2,
        "year_id": 21,
        "demand": 49
    },
    {
        "no": 303,
        "industry_id": 3,
        "year_id": 21,
        "demand": 33
    },
    {
        "no": 304,
        "industry_id": 4,
        "year_id": 21,
        "demand": 68
    },
    {
        "no": 305,
        "industry_id": 5,
        "year_id": 21,
        "demand": 56
    },
    {
        "no": 306,
        "industry_id": 6,
        "year_id": 21,
        "demand": 56
    },
    {
        "no": 307,
        "industry_id": 7,
        "year_id": 21,
        "demand": 61
    },
    {
        "no": 308,
        "industry_id": 8,
        "year_id": 21,
        "demand": 61
    },
    {
        "no": 309,
        "industry_id": 9,
        "year_id": 21,
        "demand": 75
    },
    {
        "no": 310,
        "industry_id": 10,
        "year_id": 21,
        "demand": 64
    },
    {
        "no": 311,
        "industry_id": 11,
        "year_id": 21,
        "demand": 38
    },
    {
        "no": 312,
        "industry_id": 12,
        "year_id": 21,
        "demand": 37
    },
    {
        "no": 313,
        "industry_id": 13,
        "year_id": 21,
        "demand": 56
    },
    {
        "no": 314,
        "industry_id": 14,
        "year_id": 21,
        "demand": 51
    },
    {
        "no": 315,
        "industry_id": 15,
        "year_id": 21,
        "demand": 66
    },
    {
        "no": 316,
        "industry_id": 1,
        "year_id": 22,
        "demand": 64
    },
    {
        "no": 317,
        "industry_id": 2,
        "year_id": 22,
        "demand": 51
    },
    {
        "no": 318,
        "industry_id": 3,
        "year_id": 22,
        "demand": 32
    },
    {
        "no": 319,
        "industry_id": 4,
        "year_id": 22,
        "demand": 66
    },
    {
        "no": 320,
        "industry_id": 5,
        "year_id": 22,
        "demand": 55
    },
    {
        "no": 321,
        "industry_id": 6,
        "year_id": 22,
        "demand": 58
    },
    {
        "no": 322,
        "industry_id": 7,
        "year_id": 22,
        "demand": 65
    },
    {
        "no": 323,
        "industry_id": 8,
        "year_id": 22,
        "demand": 63
    },
    {
        "no": 324,
        "industry_id": 9,
        "year_id": 22,
        "demand": 81
    },
    {
        "no": 325,
        "industry_id": 10,
        "year_id": 22,
        "demand": 61
    },
    {
        "no": 326,
        "industry_id": 11,
        "year_id": 22,
        "demand": 42
    },
    {
        "no": 327,
        "industry_id": 12,
        "year_id": 22,
        "demand": 39
    },
    {
        "no": 328,
        "industry_id": 13,
        "year_id": 22,
        "demand": 56
    },
    {
        "no": 329,
        "industry_id": 14,
        "year_id": 22,
        "demand": 55
    },
    {
        "no": 330,
        "industry_id": 15,
        "year_id": 22,
        "demand": 64
    },
    {
        "no": 331,
        "industry_id": 1,
        "year_id": 23,
        "demand": 69
    },
    {
        "no": 332,
        "industry_id": 2,
        "year_id": 23,
        "demand": 55
    },
    {
        "no": 333,
        "industry_id": 3,
        "year_id": 23,
        "demand": 31
    },
    {
        "no": 334,
        "industry_id": 4,
        "year_id": 23,
        "demand": 68
    },
    {
        "no": 335,
        "industry_id": 5,
        "year_id": 23,
        "demand": 54
    },
    {
        "no": 336,
        "industry_id": 6,
        "year_id": 23,
        "demand": 56
    },
    {
        "no": 337,
        "industry_id": 7,
        "year_id": 23,
        "demand": 71
    },
    {
        "no": 338,
        "industry_id": 8,
        "year_id": 23,
        "demand": 61
    },
    {
        "no": 339,
        "industry_id": 9,
        "year_id": 23,
        "demand": 84
    },
    {
        "no": 340,
        "industry_id": 10,
        "year_id": 23,
        "demand": 61
    },
    {
        "no": 341,
        "industry_id": 11,
        "year_id": 23,
        "demand": 45
    },
    {
        "no": 342,
        "industry_id": 12,
        "year_id": 23,
        "demand": 41
    },
    {
        "no": 343,
        "industry_id": 13,
        "year_id": 23,
        "demand": 55
    },
    {
        "no": 344,
        "industry_id": 14,
        "year_id": 23,
        "demand": 62
    },
    {
        "no": 345,
        "industry_id": 15,
        "year_id": 23,
        "demand": 63
    },
    {
        "no": 346,
        "industry_id": 1,
        "year_id": 24,
        "demand": 74
    },
    {
        "no": 347,
        "industry_id": 2,
        "year_id": 24,
        "demand": 57
    },
    {
        "no": 348,
        "industry_id": 3,
        "year_id": 24,
        "demand": 35
    },
    {
        "no": 349,
        "industry_id": 4,
        "year_id": 24,
        "demand": 69
    },
    {
        "no": 350,
        "industry_id": 5,
        "year_id": 24,
        "demand": 52
    },
    {
        "no": 351,
        "industry_id": 6,
        "year_id": 24,
        "demand": 62
    },
    {
        "no": 352,
        "industry_id": 7,
        "year_id": 24,
        "demand": 80
    },
    {
        "no": 353,
        "industry_id": 8,
        "year_id": 24,
        "demand": 65
    },
    {
        "no": 354,
        "industry_id": 9,
        "year_id": 24,
        "demand": 82
    },
    {
        "no": 355,
        "industry_id": 10,
        "year_id": 24,
        "demand": 61
    },
    {
        "no": 356,
        "industry_id": 11,
        "year_id": 24,
        "demand": 47
    },
    {
        "no": 357,
        "industry_id": 12,
        "year_id": 24,
        "demand": 46
    },
    {
        "no": 358,
        "industry_id": 13,
        "year_id": 24,
        "demand": 58
    },
    {
        "no": 359,
        "industry_id": 14,
        "year_id": 24,
        "demand": 68
    },
    {
        "no": 360,
        "industry_id": 15,
        "year_id": 24,
        "demand": 67
    },
    {
        "no": 361,
        "industry_id": 1,
        "year_id": 25,
        "demand": 80
    },
    {
        "no": 362,
        "industry_id": 2,
        "year_id": 25,
        "demand": 56
    },
    {
        "no": 363,
        "industry_id": 3,
        "year_id": 25,
        "demand": 39
    },
    {
        "no": 364,
        "industry_id": 4,
        "year_id": 25,
        "demand": 76
    },
    {
        "no": 365,
        "industry_id": 5,
        "year_id": 25,
        "demand": 51
    },
    {
        "no": 366,
        "industry_id": 6,
        "year_id": 25,
        "demand": 69
    },
    {
        "no": 367,
        "industry_id": 7,
        "year_id": 25,
        "demand": 80
    },
    {
        "no": 368,
        "industry_id": 8,
        "year_id": 25,
        "demand": 67
    },
    {
        "no": 369,
        "industry_id": 9,
        "year_id": 25,
        "demand": 83
    },
    {
        "no": 370,
        "industry_id": 10,
        "year_id": 25,
        "demand": 63
    },
    {
        "no": 371,
        "industry_id": 11,
        "year_id": 25,
        "demand": 47
    },
    {
        "no": 372,
        "industry_id": 12,
        "year_id": 25,
        "demand": 51
    },
    {
        "no": 373,
        "industry_id": 13,
        "year_id": 25,
        "demand": 61
    },
    {
        "no": 374,
        "industry_id": 14,
        "year_id": 25,
        "demand": 67
    },
    {
        "no": 375,
        "industry_id": 15,
        "year_id": 25,
        "demand": 69
    },
    {
        "no": 376,
        "industry_id": 1,
        "year_id": 26,
        "demand": 87
    },
    {
        "no": 377,
        "industry_id": 2,
        "year_id": 26,
        "demand": 56
    },
    {
        "no": 378,
        "industry_id": 3,
        "year_id": 26,
        "demand": 39
    },
    {
        "no": 379,
        "industry_id": 4,
        "year_id": 26,
        "demand": 82
    },
    {
        "no": 380,
        "industry_id": 5,
        "year_id": 26,
        "demand": 49
    },
    {
        "no": 381,
        "industry_id": 6,
        "year_id": 26,
        "demand": 75
    },
    {
        "no": 382,
        "industry_id": 7,
        "year_id": 26,
        "demand": 79
    },
    {
        "no": 383,
        "industry_id": 8,
        "year_id": 26,
        "demand": 70
    },
    {
        "no": 384,
        "industry_id": 9,
        "year_id": 26,
        "demand": 81
    },
    {
        "no": 385,
        "industry_id": 10,
        "year_id": 26,
        "demand": 63
    },
    {
        "no": 386,
        "industry_id": 11,
        "year_id": 26,
        "demand": 45
    },
    {
        "no": 387,
        "industry_id": 12,
        "year_id": 26,
        "demand": 53
    },
    {
        "no": 388,
        "industry_id": 13,
        "year_id": 26,
        "demand": 66
    },
    {
        "no": 389,
        "industry_id": 14,
        "year_id": 26,
        "demand": 72
    },
    {
        "no": 390,
        "industry_id": 15,
        "year_id": 26,
        "demand": 69
    },
    {
        "no": 391,
        "industry_id": 1,
        "year_id": 27,
        "demand": 85
    },
    {
        "no": 392,
        "industry_id": 2,
        "year_id": 27,
        "demand": 55
    },
    {
        "no": 393,
        "industry_id": 3,
        "year_id": 27,
        "demand": 39
    },
    {
        "no": 394,
        "industry_id": 4,
        "year_id": 27,
        "demand": 91
    },
    {
        "no": 395,
        "industry_id": 5,
        "year_id": 27,
        "demand": 49
    },
    {
        "no": 396,
        "industry_id": 6,
        "year_id": 27,
        "demand": 75
    },
    {
        "no": 397,
        "industry_id": 7,
        "year_id": 27,
        "demand": 83
    },
    {
        "no": 398,
        "industry_id": 8,
        "year_id": 27,
        "demand": 73
    },
    {
        "no": 399,
        "industry_id": 9,
        "year_id": 27,
        "demand": 79
    },
    {
        "no": 400,
        "industry_id": 10,
        "year_id": 27,
        "demand": 67
    },
    {
        "no": 401,
        "industry_id": 11,
        "year_id": 27,
        "demand": 43
    },
    {
        "no": 402,
        "industry_id": 12,
        "year_id": 27,
        "demand": 59
    },
    {
        "no": 403,
        "industry_id": 13,
        "year_id": 27,
        "demand": 68
    },
    {
        "no": 404,
        "industry_id": 14,
        "year_id": 27,
        "demand": 72
    },
    {
        "no": 405,
        "industry_id": 15,
        "year_id": 27,
        "demand": 73
    },
    {
        "no": 406,
        "industry_id": 1,
        "year_id": 28,
        "demand": 89
    },
    {
        "no": 407,
        "industry_id": 2,
        "year_id": 28,
        "demand": 62
    },
    {
        "no": 408,
        "industry_id": 3,
        "year_id": 28,
        "demand": 41
    },
    {
        "no": 409,
        "industry_id": 4,
        "year_id": 28,
        "demand": 97
    },
    {
        "no": 410,
        "industry_id": 5,
        "year_id": 28,
        "demand": 49
    },
    {
        "no": 411,
        "industry_id": 6,
        "year_id": 28,
        "demand": 72
    },
    {
        "no": 412,
        "industry_id": 7,
        "year_id": 28,
        "demand": 86
    },
    {
        "no": 413,
        "industry_id": 8,
        "year_id": 28,
        "demand": 82
    },
    {
        "no": 414,
        "industry_id": 9,
        "year_id": 28,
        "demand": 76
    },
    {
        "no": 415,
        "industry_id": 10,
        "year_id": 28,
        "demand": 65
    },
    {
        "no": 416,
        "industry_id": 11,
        "year_id": 28,
        "demand": 46
    },
    {
        "no": 417,
        "industry_id": 12,
        "year_id": 28,
        "demand": 57
    },
    {
        "no": 418,
        "industry_id": 13,
        "year_id": 28,
        "demand": 65
    },
    {
        "no": 419,
        "industry_id": 14,
        "year_id": 28,
        "demand": 72
    },
    {
        "no": 420,
        "industry_id": 15,
        "year_id": 28,
        "demand": 71
    },
    {
        "no": 421,
        "industry_id": 1,
        "year_id": 29,
        "demand": 98
    },
    {
        "no": 422,
        "industry_id": 2,
        "year_id": 29,
        "demand": 68
    },
    {
        "no": 423,
        "industry_id": 3,
        "year_id": 29,
        "demand": 46
    },
    {
        "no": 424,
        "industry_id": 4,
        "year_id": 29,
        "demand": 101
    },
    {
        "no": 425,
        "industry_id": 5,
        "year_id": 29,
        "demand": 49
    },
    {
        "no": 426,
        "industry_id": 6,
        "year_id": 29,
        "demand": 78
    },
    {
        "no": 427,
        "industry_id": 7,
        "year_id": 29,
        "demand": 93
    },
    {
        "no": 428,
        "industry_id": 8,
        "year_id": 29,
        "demand": 91
    },
    {
        "no": 429,
        "industry_id": 9,
        "year_id": 29,
        "demand": 77
    },
    {
        "no": 430,
        "industry_id": 10,
        "year_id": 29,
        "demand": 62
    },
    {
        "no": 431,
        "industry_id": 11,
        "year_id": 29,
        "demand": 46
    },
    {
        "no": 432,
        "industry_id": 12,
        "year_id": 29,
        "demand": 61
    },
    {
        "no": 433,
        "industry_id": 13,
        "year_id": 29,
        "demand": 67
    },
    {
        "no": 434,
        "industry_id": 14,
        "year_id": 29,
        "demand": 81
    },
    {
        "no": 435,
        "industry_id": 15,
        "year_id": 29,
        "demand": 73
    },
    {
        "no": 436,
        "industry_id": 1,
        "year_id": 30,
        "demand": 95
    },
    {
        "no": 437,
        "industry_id": 2,
        "year_id": 30,
        "demand": 68
    },
    {
        "no": 438,
        "industry_id": 3,
        "year_id": 30,
        "demand": 45
    },
    {
        "no": 439,
        "industry_id": 4,
        "year_id": 30,
        "demand": 103
    },
    {
        "no": 440,
        "industry_id": 5,
        "year_id": 30,
        "demand": 49
    },
    {
        "no": 441,
        "industry_id": 6,
        "year_id": 30,
        "demand": 86
    },
    {
        "no": 442,
        "industry_id": 7,
        "year_id": 30,
        "demand": 103
    },
    {
        "no": 443,
        "industry_id": 8,
        "year_id": 30,
        "demand": 92
    },
    {
        "no": 444,
        "industry_id": 9,
        "year_id": 30,
        "demand": 87
    },
    {
        "no": 445,
        "industry_id": 10,
        "year_id": 30,
        "demand": 65
    },
    {
        "no": 446,
        "industry_id": 11,
        "year_id": 30,
        "demand": 46
    },
    {
        "no": 447,
        "industry_id": 12,
        "year_id": 30,
        "demand": 61
    },
    {
        "no": 448,
        "industry_id": 13,
        "year_id": 30,
        "demand": 74
    },
    {
        "no": 449,
        "industry_id": 14,
        "year_id": 30,
        "demand": 91
    },
    {
        "no": 450,
        "industry_id": 15,
        "year_id": 30,
        "demand": 70
    },
    {
        "no": 451,
        "industry_id": 1,
        "year_id": 31,
        "demand": 97
    },
    {
        "no": 452,
        "industry_id": 2,
        "year_id": 31,
        "demand": 75
    },
    {
        "no": 453,
        "industry_id": 3,
        "year_id": 31,
        "demand": 43
    },
    {
        "no": 454,
        "industry_id": 4,
        "year_id": 31,
        "demand": 115
    },
    {
        "no": 455,
        "industry_id": 5,
        "year_id": 31,
        "demand": 48
    },
    {
        "no": 456,
        "industry_id": 6,
        "year_id": 31,
        "demand": 88
    },
    {
        "no": 457,
        "industry_id": 7,
        "year_id": 31,
        "demand": 114
    },
    {
        "no": 458,
        "industry_id": 8,
        "year_id": 31,
        "demand": 89
    },
    {
        "no": 459,
        "industry_id": 9,
        "year_id": 31,
        "demand": 95
    },
    {
        "no": 460,
        "industry_id": 10,
        "year_id": 31,
        "demand": 70
    },
    {
        "no": 461,
        "industry_id": 11,
        "year_id": 31,
        "demand": 45
    },
    {
        "no": 462,
        "industry_id": 12,
        "year_id": 31,
        "demand": 68
    },
    {
        "no": 463,
        "industry_id": 13,
        "year_id": 31,
        "demand": 72
    },
    {
        "no": 464,
        "industry_id": 14,
        "year_id": 31,
        "demand": 91
    },
    {
        "no": 465,
        "industry_id": 15,
        "year_id": 31,
        "demand": 70
    },
    {
        "no": 466,
        "industry_id": 1,
        "year_id": 32,
        "demand": 100
    },
    {
        "no": 467,
        "industry_id": 2,
        "year_id": 32,
        "demand": 79
    },
    {
        "no": 468,
        "industry_id": 3,
        "year_id": 32,
        "demand": 48
    },
    {
        "no": 469,
        "industry_id": 4,
        "year_id": 32,
        "demand": 124
    },
    {
        "no": 470,
        "industry_id": 5,
        "year_id": 32,
        "demand": 54
    },
    {
        "no": 471,
        "industry_id": 6,
        "year_id": 32,
        "demand": 96
    },
    {
        "no": 472,
        "industry_id": 7,
        "year_id": 32,
        "demand": 127
    },
    {
        "no": 473,
        "industry_id": 8,
        "year_id": 32,
        "demand": 87
    },
    {
        "no": 474,
        "industry_id": 9,
        "year_id": 32,
        "demand": 94
    },
    {
        "no": 475,
        "industry_id": 10,
        "year_id": 32,
        "demand": 76
    },
    {
        "no": 476,
        "industry_id": 11,
        "year_id": 32,
        "demand": 47
    },
    {
        "no": 477,
        "industry_id": 12,
        "year_id": 32,
        "demand": 74
    },
    {
        "no": 478,
        "industry_id": 13,
        "year_id": 32,
        "demand": 78
    },
    {
        "no": 479,
        "industry_id": 14,
        "year_id": 32,
        "demand": 102
    },
    {
        "no": 480,
        "industry_id": 15,
        "year_id": 32,
        "demand": 67
    }
]