[
    {
        "no": 1,
        "job_id": 1,
        "year_id": 1,
        "demand": 8
    },
    {
        "no": 2,
        "job_id": 2,
        "year_id": 1,
        "demand": 13
    },
    {
        "no": 3,
        "job_id": 3,
        "year_id": 1,
        "demand": 11
    },
    {
        "no": 4,
        "job_id": 4,
        "year_id": 1,
        "demand": 11
    },
    {
        "no": 5,
        "job_id": 5,
        "year_id": 1,
        "demand": 16
    },
    {
        "no": 6,
        "job_id": 6,
        "year_id": 1,
        "demand": 6
    },
    {
        "no": 7,
        "job_id": 7,
        "year_id": 1,
        "demand": 11
    },
    {
        "no": 8,
        "job_id": 8,
        "year_id": 1,
        "demand": 20
    },
    {
        "no": 9,
        "job_id": 9,
        "year_id": 1,
        "demand": 11
    },
    {
        "no": 10,
        "job_id": 10,
        "year_id": 1,
        "demand": 7
    },
    {
        "no": 11,
        "job_id": 11,
        "year_id": 1,
        "demand": 18
    },
    {
        "no": 12,
        "job_id": 12,
        "year_id": 1,
        "demand": 13
    },
    {
        "no": 13,
        "job_id": 13,
        "year_id": 1,
        "demand": 9
    },
    {
        "no": 14,
        "job_id": 14,
        "year_id": 1,
        "demand": 10
    },
    {
        "no": 15,
        "job_id": 15,
        "year_id": 1,
        "demand": 14
    },
    {
        "no": 16,
        "job_id": 16,
        "year_id": 1,
        "demand": 11
    },
    {
        "no": 17,
        "job_id": 17,
        "year_id": 1,
        "demand": 14
    },
    {
        "no": 18,
        "job_id": 18,
        "year_id": 1,
        "demand": 20
    },
    {
        "no": 19,
        "job_id": 19,
        "year_id": 1,
        "demand": 17
    },
    {
        "no": 20,
        "job_id": 20,
        "year_id": 1,
        "demand": 6
    },
    {
        "no": 21,
        "job_id": 21,
        "year_id": 1,
        "demand": 19
    },
    {
        "no": 22,
        "job_id": 22,
        "year_id": 1,
        "demand": 6
    },
    {
        "no": 23,
        "job_id": 23,
        "year_id": 1,
        "demand": 20
    },
    {
        "no": 24,
        "job_id": 24,
        "year_id": 1,
        "demand": 13
    },
    {
        "no": 25,
        "job_id": 25,
        "year_id": 1,
        "demand": 19
    },
    {
        "no": 26,
        "job_id": 26,
        "year_id": 1,
        "demand": 18
    },
    {
        "no": 27,
        "job_id": 27,
        "year_id": 1,
        "demand": 11
    },
    {
        "no": 28,
        "job_id": 28,
        "year_id": 1,
        "demand": 11
    },
    {
        "no": 29,
        "job_id": 29,
        "year_id": 1,
        "demand": 18
    },
    {
        "no": 30,
        "job_id": 30,
        "year_id": 1,
        "demand": 19
    },
    {
        "no": 31,
        "job_id": 1,
        "year_id": 2,
        "demand": 9
    },
    {
        "no": 32,
        "job_id": 2,
        "year_id": 2,
        "demand": 14
    },
    {
        "no": 33,
        "job_id": 3,
        "year_id": 2,
        "demand": 12
    },
    {
        "no": 34,
        "job_id": 4,
        "year_id": 2,
        "demand": 12
    },
    {
        "no": 35,
        "job_id": 5,
        "year_id": 2,
        "demand": 18
    },
    {
        "no": 36,
        "job_id": 6,
        "year_id": 2,
        "demand": 6
    },
    {
        "no": 37,
        "job_id": 7,
        "year_id": 2,
        "demand": 12
    },
    {
        "no": 38,
        "job_id": 8,
        "year_id": 2,
        "demand": 21
    },
    {
        "no": 39,
        "job_id": 9,
        "year_id": 2,
        "demand": 13
    },
    {
        "no": 40,
        "job_id": 10,
        "year_id": 2,
        "demand": 7
    },
    {
        "no": 41,
        "job_id": 11,
        "year_id": 2,
        "demand": 19
    },
    {
        "no": 42,
        "job_id": 12,
        "year_id": 2,
        "demand": 13
    },
    {
        "no": 43,
        "job_id": 13,
        "year_id": 2,
        "demand": 10
    },
    {
        "no": 44,
        "job_id": 14,
        "year_id": 2,
        "demand": 11
    },
    {
        "no": 45,
        "job_id": 15,
        "year_id": 2,
        "demand": 15
    },
    {
        "no": 46,
        "job_id": 16,
        "year_id": 2,
        "demand": 11
    },
    {
        "no": 47,
        "job_id": 17,
        "year_id": 2,
        "demand": 14
    },
    {
        "no": 48,
        "job_id": 18,
        "year_id": 2,
        "demand": 23
    },
    {
        "no": 49,
        "job_id": 19,
        "year_id": 2,
        "demand": 18
    },
    {
        "no": 50,
        "job_id": 20,
        "year_id": 2,
        "demand": 7
    },
    {
        "no": 51,
        "job_id": 21,
        "year_id": 2,
        "demand": 19
    },
    {
        "no": 52,
        "job_id": 22,
        "year_id": 2,
        "demand": 6
    },
    {
        "no": 53,
        "job_id": 23,
        "year_id": 2,
        "demand": 22
    },
    {
        "no": 54,
        "job_id": 24,
        "year_id": 2,
        "demand": 13
    },
    {
        "no": 55,
        "job_id": 25,
        "year_id": 2,
        "demand": 21
    },
    {
        "no": 56,
        "job_id": 26,
        "year_id": 2,
        "demand": 20
    },
    {
        "no": 57,
        "job_id": 27,
        "year_id": 2,
        "demand": 13
    },
    {
        "no": 58,
        "job_id": 28,
        "year_id": 2,
        "demand": 12
    },
    {
        "no": 59,
        "job_id": 29,
        "year_id": 2,
        "demand": 19
    },
    {
        "no": 60,
        "job_id": 30,
        "year_id": 2,
        "demand": 19
    },
    {
        "no": 61,
        "job_id": 1,
        "year_id": 3,
        "demand": 10
    },
    {
        "no": 62,
        "job_id": 2,
        "year_id": 3,
        "demand": 15
    },
    {
        "no": 63,
        "job_id": 3,
        "year_id": 3,
        "demand": 12
    },
    {
        "no": 64,
        "job_id": 4,
        "year_id": 3,
        "demand": 13
    },
    {
        "no": 65,
        "job_id": 5,
        "year_id": 3,
        "demand": 18
    },
    {
        "no": 66,
        "job_id": 6,
        "year_id": 3,
        "demand": 7
    },
    {
        "no": 67,
        "job_id": 7,
        "year_id": 3,
        "demand": 13
    },
    {
        "no": 68,
        "job_id": 8,
        "year_id": 3,
        "demand": 24
    },
    {
        "no": 69,
        "job_id": 9,
        "year_id": 3,
        "demand": 14
    },
    {
        "no": 70,
        "job_id": 10,
        "year_id": 3,
        "demand": 8
    },
    {
        "no": 71,
        "job_id": 11,
        "year_id": 3,
        "demand": 20
    },
    {
        "no": 72,
        "job_id": 12,
        "year_id": 3,
        "demand": 13
    },
    {
        "no": 73,
        "job_id": 13,
        "year_id": 3,
        "demand": 11
    },
    {
        "no": 74,
        "job_id": 14,
        "year_id": 3,
        "demand": 13
    },
    {
        "no": 75,
        "job_id": 15,
        "year_id": 3,
        "demand": 16
    },
    {
        "no": 76,
        "job_id": 16,
        "year_id": 3,
        "demand": 12
    },
    {
        "no": 77,
        "job_id": 17,
        "year_id": 3,
        "demand": 14
    },
    {
        "no": 78,
        "job_id": 18,
        "year_id": 3,
        "demand": 25
    },
    {
        "no": 79,
        "job_id": 19,
        "year_id": 3,
        "demand": 19
    },
    {
        "no": 80,
        "job_id": 20,
        "year_id": 3,
        "demand": 8
    },
    {
        "no": 81,
        "job_id": 21,
        "year_id": 3,
        "demand": 21
    },
    {
        "no": 82,
        "job_id": 22,
        "year_id": 3,
        "demand": 6
    },
    {
        "no": 83,
        "job_id": 23,
        "year_id": 3,
        "demand": 22
    },
    {
        "no": 84,
        "job_id": 24,
        "year_id": 3,
        "demand": 14
    },
    {
        "no": 85,
        "job_id": 25,
        "year_id": 3,
        "demand": 23
    },
    {
        "no": 86,
        "job_id": 26,
        "year_id": 3,
        "demand": 21
    },
    {
        "no": 87,
        "job_id": 27,
        "year_id": 3,
        "demand": 13
    },
    {
        "no": 88,
        "job_id": 28,
        "year_id": 3,
        "demand": 14
    },
    {
        "no": 89,
        "job_id": 29,
        "year_id": 3,
        "demand": 20
    },
    {
        "no": 90,
        "job_id": 30,
        "year_id": 3,
        "demand": 19
    },
    {
        "no": 91,
        "job_id": 1,
        "year_id": 4,
        "demand": 12
    },
    {
        "no": 92,
        "job_id": 2,
        "year_id": 4,
        "demand": 16
    },
    {
        "no": 93,
        "job_id": 3,
        "year_id": 4,
        "demand": 13
    },
    {
        "no": 94,
        "job_id": 4,
        "year_id": 4,
        "demand": 13
    },
    {
        "no": 95,
        "job_id": 5,
        "year_id": 4,
        "demand": 18
    },
    {
        "no": 96,
        "job_id": 6,
        "year_id": 4,
        "demand": 7
    },
    {
        "no": 97,
        "job_id": 7,
        "year_id": 4,
        "demand": 15
    },
    {
        "no": 98,
        "job_id": 8,
        "year_id": 4,
        "demand": 27
    },
    {
        "no": 99,
        "job_id": 9,
        "year_id": 4,
        "demand": 15
    },
    {
        "no": 100,
        "job_id": 10,
        "year_id": 4,
        "demand": 8
    },
    {
        "no": 101,
        "job_id": 11,
        "year_id": 4,
        "demand": 23
    },
    {
        "no": 102,
        "job_id": 12,
        "year_id": 4,
        "demand": 14
    },
    {
        "no": 103,
        "job_id": 13,
        "year_id": 4,
        "demand": 12
    },
    {
        "no": 104,
        "job_id": 14,
        "year_id": 4,
        "demand": 15
    },
    {
        "no": 105,
        "job_id": 15,
        "year_id": 4,
        "demand": 16
    },
    {
        "no": 106,
        "job_id": 16,
        "year_id": 4,
        "demand": 12
    },
    {
        "no": 107,
        "job_id": 17,
        "year_id": 4,
        "demand": 16
    },
    {
        "no": 108,
        "job_id": 18,
        "year_id": 4,
        "demand": 28
    },
    {
        "no": 109,
        "job_id": 19,
        "year_id": 4,
        "demand": 21
    },
    {
        "no": 110,
        "job_id": 20,
        "year_id": 4,
        "demand": 9
    },
    {
        "no": 111,
        "job_id": 21,
        "year_id": 4,
        "demand": 24
    },
    {
        "no": 112,
        "job_id": 22,
        "year_id": 4,
        "demand": 7
    },
    {
        "no": 113,
        "job_id": 23,
        "year_id": 4,
        "demand": 22
    },
    {
        "no": 114,
        "job_id": 24,
        "year_id": 4,
        "demand": 14
    },
    {
        "no": 115,
        "job_id": 25,
        "year_id": 4,
        "demand": 26
    },
    {
        "no": 116,
        "job_id": 26,
        "year_id": 4,
        "demand": 21
    },
    {
        "no": 117,
        "job_id": 27,
        "year_id": 4,
        "demand": 14
    },
    {
        "no": 118,
        "job_id": 28,
        "year_id": 4,
        "demand": 15
    },
    {
        "no": 119,
        "job_id": 29,
        "year_id": 4,
        "demand": 19
    },
    {
        "no": 120,
        "job_id": 30,
        "year_id": 4,
        "demand": 19
    },
    {
        "no": 121,
        "job_id": 1,
        "year_id": 5,
        "demand": 14
    },
    {
        "no": 122,
        "job_id": 2,
        "year_id": 5,
        "demand": 16
    },
    {
        "no": 123,
        "job_id": 3,
        "year_id": 5,
        "demand": 13
    },
    {
        "no": 124,
        "job_id": 4,
        "year_id": 5,
        "demand": 14
    },
    {
        "no": 125,
        "job_id": 5,
        "year_id": 5,
        "demand": 18
    },
    {
        "no": 126,
        "job_id": 6,
        "year_id": 5,
        "demand": 7
    },
    {
        "no": 127,
        "job_id": 7,
        "year_id": 5,
        "demand": 16
    },
    {
        "no": 128,
        "job_id": 8,
        "year_id": 5,
        "demand": 27
    },
    {
        "no": 129,
        "job_id": 9,
        "year_id": 5,
        "demand": 16
    },
    {
        "no": 130,
        "job_id": 10,
        "year_id": 5,
        "demand": 8
    },
    {
        "no": 131,
        "job_id": 11,
        "year_id": 5,
        "demand": 26
    },
    {
        "no": 132,
        "job_id": 12,
        "year_id": 5,
        "demand": 15
    },
    {
        "no": 133,
        "job_id": 13,
        "year_id": 5,
        "demand": 14
    },
    {
        "no": 134,
        "job_id": 14,
        "year_id": 5,
        "demand": 17
    },
    {
        "no": 135,
        "job_id": 15,
        "year_id": 5,
        "demand": 16
    },
    {
        "no": 136,
        "job_id": 16,
        "year_id": 5,
        "demand": 12
    },
    {
        "no": 137,
        "job_id": 17,
        "year_id": 5,
        "demand": 17
    },
    {
        "no": 138,
        "job_id": 18,
        "year_id": 5,
        "demand": 32
    },
    {
        "no": 139,
        "job_id": 19,
        "year_id": 5,
        "demand": 23
    },
    {
        "no": 140,
        "job_id": 20,
        "year_id": 5,
        "demand": 10
    },
    {
        "no": 141,
        "job_id": 21,
        "year_id": 5,
        "demand": 26
    },
    {
        "no": 142,
        "job_id": 22,
        "year_id": 5,
        "demand": 8
    },
    {
        "no": 143,
        "job_id": 23,
        "year_id": 5,
        "demand": 22
    },
    {
        "no": 144,
        "job_id": 24,
        "year_id": 5,
        "demand": 14
    },
    {
        "no": 145,
        "job_id": 25,
        "year_id": 5,
        "demand": 26
    },
    {
        "no": 146,
        "job_id": 26,
        "year_id": 5,
        "demand": 21
    },
    {
        "no": 147,
        "job_id": 27,
        "year_id": 5,
        "demand": 16
    },
    {
        "no": 148,
        "job_id": 28,
        "year_id": 5,
        "demand": 15
    },
    {
        "no": 149,
        "job_id": 29,
        "year_id": 5,
        "demand": 19
    },
    {
        "no": 150,
        "job_id": 30,
        "year_id": 5,
        "demand": 20
    },
    {
        "no": 151,
        "job_id": 1,
        "year_id": 6,
        "demand": 15
    },
    {
        "no": 152,
        "job_id": 2,
        "year_id": 6,
        "demand": 16
    },
    {
        "no": 153,
        "job_id": 3,
        "year_id": 6,
        "demand": 14
    },
    {
        "no": 154,
        "job_id": 4,
        "year_id": 6,
        "demand": 14
    },
    {
        "no": 155,
        "job_id": 5,
        "year_id": 6,
        "demand": 19
    },
    {
        "no": 156,
        "job_id": 6,
        "year_id": 6,
        "demand": 8
    },
    {
        "no": 157,
        "job_id": 7,
        "year_id": 6,
        "demand": 16
    },
    {
        "no": 158,
        "job_id": 8,
        "year_id": 6,
        "demand": 26
    },
    {
        "no": 159,
        "job_id": 9,
        "year_id": 6,
        "demand": 18
    },
    {
        "no": 160,
        "job_id": 10,
        "year_id": 6,
        "demand": 9
    },
    {
        "no": 161,
        "job_id": 11,
        "year_id": 6,
        "demand": 27
    },
    {
        "no": 162,
        "job_id": 12,
        "year_id": 6,
        "demand": 16
    },
    {
        "no": 163,
        "job_id": 13,
        "year_id": 6,
        "demand": 16
    },
    {
        "no": 164,
        "job_id": 14,
        "year_id": 6,
        "demand": 19
    },
    {
        "no": 165,
        "job_id": 15,
        "year_id": 6,
        "demand": 16
    },
    {
        "no": 166,
        "job_id": 16,
        "year_id": 6,
        "demand": 12
    },
    {
        "no": 167,
        "job_id": 17,
        "year_id": 6,
        "demand": 20
    },
    {
        "no": 168,
        "job_id": 18,
        "year_id": 6,
        "demand": 35
    },
    {
        "no": 169,
        "job_id": 19,
        "year_id": 6,
        "demand": 23
    },
    {
        "no": 170,
        "job_id": 20,
        "year_id": 6,
        "demand": 12
    },
    {
        "no": 171,
        "job_id": 21,
        "year_id": 6,
        "demand": 29
    },
    {
        "no": 172,
        "job_id": 22,
        "year_id": 6,
        "demand": 9
    },
    {
        "no": 173,
        "job_id": 23,
        "year_id": 6,
        "demand": 23
    },
    {
        "no": 174,
        "job_id": 24,
        "year_id": 6,
        "demand": 14
    },
    {
        "no": 175,
        "job_id": 25,
        "year_id": 6,
        "demand": 28
    },
    {
        "no": 176,
        "job_id": 26,
        "year_id": 6,
        "demand": 21
    },
    {
        "no": 177,
        "job_id": 27,
        "year_id": 6,
        "demand": 16
    },
    {
        "no": 178,
        "job_id": 28,
        "year_id": 6,
        "demand": 16
    },
    {
        "no": 179,
        "job_id": 29,
        "year_id": 6,
        "demand": 21
    },
    {
        "no": 180,
        "job_id": 30,
        "year_id": 6,
        "demand": 20
    },
    {
        "no": 181,
        "job_id": 1,
        "year_id": 7,
        "demand": 17
    },
    {
        "no": 182,
        "job_id": 2,
        "year_id": 7,
        "demand": 17
    },
    {
        "no": 183,
        "job_id": 3,
        "year_id": 7,
        "demand": 14
    },
    {
        "no": 184,
        "job_id": 4,
        "year_id": 7,
        "demand": 15
    },
    {
        "no": 185,
        "job_id": 5,
        "year_id": 7,
        "demand": 20
    },
    {
        "no": 186,
        "job_id": 6,
        "year_id": 7,
        "demand": 8
    },
    {
        "no": 187,
        "job_id": 7,
        "year_id": 7,
        "demand": 17
    },
    {
        "no": 188,
        "job_id": 8,
        "year_id": 7,
        "demand": 26
    },
    {
        "no": 189,
        "job_id": 9,
        "year_id": 7,
        "demand": 21
    },
    {
        "no": 190,
        "job_id": 10,
        "year_id": 7,
        "demand": 10
    },
    {
        "no": 191,
        "job_id": 11,
        "year_id": 7,
        "demand": 29
    },
    {
        "no": 192,
        "job_id": 12,
        "year_id": 7,
        "demand": 17
    },
    {
        "no": 193,
        "job_id": 13,
        "year_id": 7,
        "demand": 18
    },
    {
        "no": 194,
        "job_id": 14,
        "year_id": 7,
        "demand": 21
    },
    {
        "no": 195,
        "job_id": 15,
        "year_id": 7,
        "demand": 17
    },
    {
        "no": 196,
        "job_id": 16,
        "year_id": 7,
        "demand": 13
    },
    {
        "no": 197,
        "job_id": 17,
        "year_id": 7,
        "demand": 22
    },
    {
        "no": 198,
        "job_id": 18,
        "year_id": 7,
        "demand": 36
    },
    {
        "no": 199,
        "job_id": 19,
        "year_id": 7,
        "demand": 26
    },
    {
        "no": 200,
        "job_id": 20,
        "year_id": 7,
        "demand": 14
    },
    {
        "no": 201,
        "job_id": 21,
        "year_id": 7,
        "demand": 31
    },
    {
        "no": 202,
        "job_id": 22,
        "year_id": 7,
        "demand": 10
    },
    {
        "no": 203,
        "job_id": 23,
        "year_id": 7,
        "demand": 24
    },
    {
        "no": 204,
        "job_id": 24,
        "year_id": 7,
        "demand": 15
    },
    {
        "no": 205,
        "job_id": 25,
        "year_id": 7,
        "demand": 30
    },
    {
        "no": 206,
        "job_id": 26,
        "year_id": 7,
        "demand": 21
    },
    {
        "no": 207,
        "job_id": 27,
        "year_id": 7,
        "demand": 16
    },
    {
        "no": 208,
        "job_id": 28,
        "year_id": 7,
        "demand": 17
    },
    {
        "no": 209,
        "job_id": 29,
        "year_id": 7,
        "demand": 23
    },
    {
        "no": 210,
        "job_id": 30,
        "year_id": 7,
        "demand": 23
    },
    {
        "no": 211,
        "job_id": 1,
        "year_id": 8,
        "demand": 19
    },
    {
        "no": 212,
        "job_id": 2,
        "year_id": 8,
        "demand": 19
    },
    {
        "no": 213,
        "job_id": 3,
        "year_id": 8,
        "demand": 15
    },
    {
        "no": 214,
        "job_id": 4,
        "year_id": 8,
        "demand": 17
    },
    {
        "no": 215,
        "job_id": 5,
        "year_id": 8,
        "demand": 20
    },
    {
        "no": 216,
        "job_id": 6,
        "year_id": 8,
        "demand": 8
    },
    {
        "no": 217,
        "job_id": 7,
        "year_id": 8,
        "demand": 18
    },
    {
        "no": 218,
        "job_id": 8,
        "year_id": 8,
        "demand": 26
    },
    {
        "no": 219,
        "job_id": 9,
        "year_id": 8,
        "demand": 22
    },
    {
        "no": 220,
        "job_id": 10,
        "year_id": 8,
        "demand": 11
    },
    {
        "no": 221,
        "job_id": 11,
        "year_id": 8,
        "demand": 31
    },
    {
        "no": 222,
        "job_id": 12,
        "year_id": 8,
        "demand": 19
    },
    {
        "no": 223,
        "job_id": 13,
        "year_id": 8,
        "demand": 19
    },
    {
        "no": 224,
        "job_id": 14,
        "year_id": 8,
        "demand": 21
    },
    {
        "no": 225,
        "job_id": 15,
        "year_id": 8,
        "demand": 18
    },
    {
        "no": 226,
        "job_id": 16,
        "year_id": 8,
        "demand": 14
    },
    {
        "no": 227,
        "job_id": 17,
        "year_id": 8,
        "demand": 23
    },
    {
        "no": 228,
        "job_id": 18,
        "year_id": 8,
        "demand": 36
    },
    {
        "no": 229,
        "job_id": 19,
        "year_id": 8,
        "demand": 28
    },
    {
        "no": 230,
        "job_id": 20,
        "year_id": 8,
        "demand": 15
    },
    {
        "no": 231,
        "job_id": 21,
        "year_id": 8,
        "demand": 34
    },
    {
        "no": 232,
        "job_id": 22,
        "year_id": 8,
        "demand": 10
    },
    {
        "no": 233,
        "job_id": 23,
        "year_id": 8,
        "demand": 25
    },
    {
        "no": 234,
        "job_id": 24,
        "year_id": 8,
        "demand": 17
    },
    {
        "no": 235,
        "job_id": 25,
        "year_id": 8,
        "demand": 33
    },
    {
        "no": 236,
        "job_id": 26,
        "year_id": 8,
        "demand": 24
    },
    {
        "no": 237,
        "job_id": 27,
        "year_id": 8,
        "demand": 18
    },
    {
        "no": 238,
        "job_id": 28,
        "year_id": 8,
        "demand": 18
    },
    {
        "no": 239,
        "job_id": 29,
        "year_id": 8,
        "demand": 26
    },
    {
        "no": 240,
        "job_id": 30,
        "year_id": 8,
        "demand": 24
    },
    {
        "no": 241,
        "job_id": 1,
        "year_id": 9,
        "demand": 20
    },
    {
        "no": 242,
        "job_id": 2,
        "year_id": 9,
        "demand": 21
    },
    {
        "no": 243,
        "job_id": 3,
        "year_id": 9,
        "demand": 16
    },
    {
        "no": 244,
        "job_id": 4,
        "year_id": 9,
        "demand": 17
    },
    {
        "no": 245,
        "job_id": 5,
        "year_id": 9,
        "demand": 22
    },
    {
        "no": 246,
        "job_id": 6,
        "year_id": 9,
        "demand": 8
    },
    {
        "no": 247,
        "job_id": 7,
        "year_id": 9,
        "demand": 20
    },
    {
        "no": 248,
        "job_id": 8,
        "year_id": 9,
        "demand": 25
    },
    {
        "no": 249,
        "job_id": 9,
        "year_id": 9,
        "demand": 24
    },
    {
        "no": 250,
        "job_id": 10,
        "year_id": 9,
        "demand": 11
    },
    {
        "no": 251,
        "job_id": 11,
        "year_id": 9,
        "demand": 31
    },
    {
        "no": 252,
        "job_id": 12,
        "year_id": 9,
        "demand": 20
    },
    {
        "no": 253,
        "job_id": 13,
        "year_id": 9,
        "demand": 20
    },
    {
        "no": 254,
        "job_id": 14,
        "year_id": 9,
        "demand": 20
    },
    {
        "no": 255,
        "job_id": 15,
        "year_id": 9,
        "demand": 20
    },
    {
        "no": 256,
        "job_id": 16,
        "year_id": 9,
        "demand": 15
    },
    {
        "no": 257,
        "job_id": 17,
        "year_id": 9,
        "demand": 22
    },
    {
        "no": 258,
        "job_id": 18,
        "year_id": 9,
        "demand": 36
    },
    {
        "no": 259,
        "job_id": 19,
        "year_id": 9,
        "demand": 28
    },
    {
        "no": 260,
        "job_id": 20,
        "year_id": 9,
        "demand": 15
    },
    {
        "no": 261,
        "job_id": 21,
        "year_id": 9,
        "demand": 35
    },
    {
        "no": 262,
        "job_id": 22,
        "year_id": 9,
        "demand": 11
    },
    {
        "no": 263,
        "job_id": 23,
        "year_id": 9,
        "demand": 25
    },
    {
        "no": 264,
        "job_id": 24,
        "year_id": 9,
        "demand": 19
    },
    {
        "no": 265,
        "job_id": 25,
        "year_id": 9,
        "demand": 35
    },
    {
        "no": 266,
        "job_id": 26,
        "year_id": 9,
        "demand": 24
    },
    {
        "no": 267,
        "job_id": 27,
        "year_id": 9,
        "demand": 18
    },
    {
        "no": 268,
        "job_id": 28,
        "year_id": 9,
        "demand": 19
    },
    {
        "no": 269,
        "job_id": 29,
        "year_id": 9,
        "demand": 30
    },
    {
        "no": 270,
        "job_id": 30,
        "year_id": 9,
        "demand": 25
    },
    {
        "no": 271,
        "job_id": 1,
        "year_id": 10,
        "demand": 22
    },
    {
        "no": 272,
        "job_id": 2,
        "year_id": 10,
        "demand": 22
    },
    {
        "no": 273,
        "job_id": 3,
        "year_id": 10,
        "demand": 17
    },
    {
        "no": 274,
        "job_id": 4,
        "year_id": 10,
        "demand": 19
    },
    {
        "no": 275,
        "job_id": 5,
        "year_id": 10,
        "demand": 23
    },
    {
        "no": 276,
        "job_id": 6,
        "year_id": 10,
        "demand": 8
    },
    {
        "no": 277,
        "job_id": 7,
        "year_id": 10,
        "demand": 22
    },
    {
        "no": 278,
        "job_id": 8,
        "year_id": 10,
        "demand": 26
    },
    {
        "no": 279,
        "job_id": 9,
        "year_id": 10,
        "demand": 26
    },
    {
        "no": 280,
        "job_id": 10,
        "year_id": 10,
        "demand": 11
    },
    {
        "no": 281,
        "job_id": 11,
        "year_id": 10,
        "demand": 30
    },
    {
        "no": 282,
        "job_id": 12,
        "year_id": 10,
        "demand": 21
    },
    {
        "no": 283,
        "job_id": 13,
        "year_id": 10,
        "demand": 21
    },
    {
        "no": 284,
        "job_id": 14,
        "year_id": 10,
        "demand": 21
    },
    {
        "no": 285,
        "job_id": 15,
        "year_id": 10,
        "demand": 20
    },
    {
        "no": 286,
        "job_id": 16,
        "year_id": 10,
        "demand": 17
    },
    {
        "no": 287,
        "job_id": 17,
        "year_id": 10,
        "demand": 24
    },
    {
        "no": 288,
        "job_id": 18,
        "year_id": 10,
        "demand": 38
    },
    {
        "no": 289,
        "job_id": 19,
        "year_id": 10,
        "demand": 30
    },
    {
        "no": 290,
        "job_id": 20,
        "year_id": 10,
        "demand": 16
    },
    {
        "no": 291,
        "job_id": 21,
        "year_id": 10,
        "demand": 37
    },
    {
        "no": 292,
        "job_id": 22,
        "year_id": 10,
        "demand": 11
    },
    {
        "no": 293,
        "job_id": 23,
        "year_id": 10,
        "demand": 27
    },
    {
        "no": 294,
        "job_id": 24,
        "year_id": 10,
        "demand": 19
    },
    {
        "no": 295,
        "job_id": 25,
        "year_id": 10,
        "demand": 34
    },
    {
        "no": 296,
        "job_id": 26,
        "year_id": 10,
        "demand": 24
    },
    {
        "no": 297,
        "job_id": 27,
        "year_id": 10,
        "demand": 19
    },
    {
        "no": 298,
        "job_id": 28,
        "year_id": 10,
        "demand": 19
    },
    {
        "no": 299,
        "job_id": 29,
        "year_id": 10,
        "demand": 33
    },
    {
        "no": 300,
        "job_id": 30,
        "year_id": 10,
        "demand": 24
    },
    {
        "no": 301,
        "job_id": 1,
        "year_id": 11,
        "demand": 25
    },
    {
        "no": 302,
        "job_id": 2,
        "year_id": 11,
        "demand": 25
    },
    {
        "no": 303,
        "job_id": 3,
        "year_id": 11,
        "demand": 18
    },
    {
        "no": 304,
        "job_id": 4,
        "year_id": 11,
        "demand": 20
    },
    {
        "no": 305,
        "job_id": 5,
        "year_id": 11,
        "demand": 26
    },
    {
        "no": 306,
        "job_id": 6,
        "year_id": 11,
        "demand": 8
    },
    {
        "no": 307,
        "job_id": 7,
        "year_id": 11,
        "demand": 22
    },
    {
        "no": 308,
        "job_id": 8,
        "year_id": 11,
        "demand": 27
    },
    {
        "no": 309,
        "job_id": 9,
        "year_id": 11,
        "demand": 29
    },
    {
        "no": 310,
        "job_id": 10,
        "year_id": 11,
        "demand": 11
    },
    {
        "no": 311,
        "job_id": 11,
        "year_id": 11,
        "demand": 33
    },
    {
        "no": 312,
        "job_id": 12,
        "year_id": 11,
        "demand": 21
    },
    {
        "no": 313,
        "job_id": 13,
        "year_id": 11,
        "demand": 21
    },
    {
        "no": 314,
        "job_id": 14,
        "year_id": 11,
        "demand": 24
    },
    {
        "no": 315,
        "job_id": 15,
        "year_id": 11,
        "demand": 21
    },
    {
        "no": 316,
        "job_id": 16,
        "year_id": 11,
        "demand": 17
    },
    {
        "no": 317,
        "job_id": 17,
        "year_id": 11,
        "demand": 23
    },
    {
        "no": 318,
        "job_id": 18,
        "year_id": 11,
        "demand": 39
    },
    {
        "no": 319,
        "job_id": 19,
        "year_id": 11,
        "demand": 33
    },
    {
        "no": 320,
        "job_id": 20,
        "year_id": 11,
        "demand": 18
    },
    {
        "no": 321,
        "job_id": 21,
        "year_id": 11,
        "demand": 36
    },
    {
        "no": 322,
        "job_id": 22,
        "year_id": 11,
        "demand": 11
    },
    {
        "no": 323,
        "job_id": 23,
        "year_id": 11,
        "demand": 29
    },
    {
        "no": 324,
        "job_id": 24,
        "year_id": 11,
        "demand": 20
    },
    {
        "no": 325,
        "job_id": 25,
        "year_id": 11,
        "demand": 35
    },
    {
        "no": 326,
        "job_id": 26,
        "year_id": 11,
        "demand": 24
    },
    {
        "no": 327,
        "job_id": 27,
        "year_id": 11,
        "demand": 19
    },
    {
        "no": 328,
        "job_id": 28,
        "year_id": 11,
        "demand": 20
    },
    {
        "no": 329,
        "job_id": 29,
        "year_id": 11,
        "demand": 34
    },
    {
        "no": 330,
        "job_id": 30,
        "year_id": 11,
        "demand": 27
    },
    {
        "no": 331,
        "job_id": 1,
        "year_id": 12,
        "demand": 28
    },
    {
        "no": 332,
        "job_id": 2,
        "year_id": 12,
        "demand": 26
    },
    {
        "no": 333,
        "job_id": 3,
        "year_id": 12,
        "demand": 18
    },
    {
        "no": 334,
        "job_id": 4,
        "year_id": 12,
        "demand": 22
    },
    {
        "no": 335,
        "job_id": 5,
        "year_id": 12,
        "demand": 27
    },
    {
        "no": 336,
        "job_id": 6,
        "year_id": 12,
        "demand": 9
    },
    {
        "no": 337,
        "job_id": 7,
        "year_id": 12,
        "demand": 22
    },
    {
        "no": 338,
        "job_id": 8,
        "year_id": 12,
        "demand": 30
    },
    {
        "no": 339,
        "job_id": 9,
        "year_id": 12,
        "demand": 32
    },
    {
        "no": 340,
        "job_id": 10,
        "year_id": 12,
        "demand": 12
    },
    {
        "no": 341,
        "job_id": 11,
        "year_id": 12,
        "demand": 34
    },
    {
        "no": 342,
        "job_id": 12,
        "year_id": 12,
        "demand": 22
    },
    {
        "no": 343,
        "job_id": 13,
        "year_id": 12,
        "demand": 24
    },
    {
        "no": 344,
        "job_id": 14,
        "year_id": 12,
        "demand": 24
    },
    {
        "no": 345,
        "job_id": 15,
        "year_id": 12,
        "demand": 22
    },
    {
        "no": 346,
        "job_id": 16,
        "year_id": 12,
        "demand": 18
    },
    {
        "no": 347,
        "job_id": 17,
        "year_id": 12,
        "demand": 23
    },
    {
        "no": 348,
        "job_id": 18,
        "year_id": 12,
        "demand": 43
    },
    {
        "no": 349,
        "job_id": 19,
        "year_id": 12,
        "demand": 33
    },
    {
        "no": 350,
        "job_id": 20,
        "year_id": 12,
        "demand": 19
    },
    {
        "no": 351,
        "job_id": 21,
        "year_id": 12,
        "demand": 37
    },
    {
        "no": 352,
        "job_id": 22,
        "year_id": 12,
        "demand": 12
    },
    {
        "no": 353,
        "job_id": 23,
        "year_id": 12,
        "demand": 28
    },
    {
        "no": 354,
        "job_id": 24,
        "year_id": 12,
        "demand": 20
    },
    {
        "no": 355,
        "job_id": 25,
        "year_id": 12,
        "demand": 37
    },
    {
        "no": 356,
        "job_id": 26,
        "year_id": 12,
        "demand": 25
    },
    {
        "no": 357,
        "job_id": 27,
        "year_id": 12,
        "demand": 21
    },
    {
        "no": 358,
        "job_id": 28,
        "year_id": 12,
        "demand": 22
    },
    {
        "no": 359,
        "job_id": 29,
        "year_id": 12,
        "demand": 34
    },
    {
        "no": 360,
        "job_id": 30,
        "year_id": 12,
        "demand": 28
    },
    {
        "no": 361,
        "job_id": 1,
        "year_id": 13,
        "demand": 28
    },
    {
        "no": 362,
        "job_id": 2,
        "year_id": 13,
        "demand": 29
    },
    {
        "no": 363,
        "job_id": 3,
        "year_id": 13,
        "demand": 18
    },
    {
        "no": 364,
        "job_id": 4,
        "year_id": 13,
        "demand": 23
    },
    {
        "no": 365,
        "job_id": 5,
        "year_id": 13,
        "demand": 26
    },
    {
        "no": 366,
        "job_id": 6,
        "year_id": 13,
        "demand": 10
    },
    {
        "no": 367,
        "job_id": 7,
        "year_id": 13,
        "demand": 24
    },
    {
        "no": 368,
        "job_id": 8,
        "year_id": 13,
        "demand": 30
    },
    {
        "no": 369,
        "job_id": 9,
        "year_id": 13,
        "demand": 35
    },
    {
        "no": 370,
        "job_id": 10,
        "year_id": 13,
        "demand": 12
    },
    {
        "no": 371,
        "job_id": 11,
        "year_id": 13,
        "demand": 38
    },
    {
        "no": 372,
        "job_id": 12,
        "year_id": 13,
        "demand": 23
    },
    {
        "no": 373,
        "job_id": 13,
        "year_id": 13,
        "demand": 26
    },
    {
        "no": 374,
        "job_id": 14,
        "year_id": 13,
        "demand": 26
    },
    {
        "no": 375,
        "job_id": 15,
        "year_id": 13,
        "demand": 23
    },
    {
        "no": 376,
        "job_id": 16,
        "year_id": 13,
        "demand": 19
    },
    {
        "no": 377,
        "job_id": 17,
        "year_id": 13,
        "demand": 23
    },
    {
        "no": 378,
        "job_id": 18,
        "year_id": 13,
        "demand": 48
    },
    {
        "no": 379,
        "job_id": 19,
        "year_id": 13,
        "demand": 35
    },
    {
        "no": 380,
        "job_id": 20,
        "year_id": 13,
        "demand": 19
    },
    {
        "no": 381,
        "job_id": 21,
        "year_id": 13,
        "demand": 40
    },
    {
        "no": 382,
        "job_id": 22,
        "year_id": 13,
        "demand": 14
    },
    {
        "no": 383,
        "job_id": 23,
        "year_id": 13,
        "demand": 27
    },
    {
        "no": 384,
        "job_id": 24,
        "year_id": 13,
        "demand": 23
    },
    {
        "no": 385,
        "job_id": 25,
        "year_id": 13,
        "demand": 42
    },
    {
        "no": 386,
        "job_id": 26,
        "year_id": 13,
        "demand": 27
    },
    {
        "no": 387,
        "job_id": 27,
        "year_id": 13,
        "demand": 21
    },
    {
        "no": 388,
        "job_id": 28,
        "year_id": 13,
        "demand": 24
    },
    {
        "no": 389,
        "job_id": 29,
        "year_id": 13,
        "demand": 33
    },
    {
        "no": 390,
        "job_id": 30,
        "year_id": 13,
        "demand": 30
    },
    {
        "no": 391,
        "job_id": 1,
        "year_id": 14,
        "demand": 27
    },
    {
        "no": 392,
        "job_id": 2,
        "year_id": 14,
        "demand": 29
    },
    {
        "no": 393,
        "job_id": 3,
        "year_id": 14,
        "demand": 18
    },
    {
        "no": 394,
        "job_id": 4,
        "year_id": 14,
        "demand": 25
    },
    {
        "no": 395,
        "job_id": 5,
        "year_id": 14,
        "demand": 29
    },
    {
        "no": 396,
        "job_id": 6,
        "year_id": 14,
        "demand": 10
    },
    {
        "no": 397,
        "job_id": 7,
        "year_id": 14,
        "demand": 24
    },
    {
        "no": 398,
        "job_id": 8,
        "year_id": 14,
        "demand": 32
    },
    {
        "no": 399,
        "job_id": 9,
        "year_id": 14,
        "demand": 36
    },
    {
        "no": 400,
        "job_id": 10,
        "year_id": 14,
        "demand": 14
    },
    {
        "no": 401,
        "job_id": 11,
        "year_id": 14,
        "demand": 42
    },
    {
        "no": 402,
        "job_id": 12,
        "year_id": 14,
        "demand": 25
    },
    {
        "no": 403,
        "job_id": 13,
        "year_id": 14,
        "demand": 28
    },
    {
        "no": 404,
        "job_id": 14,
        "year_id": 14,
        "demand": 26
    },
    {
        "no": 405,
        "job_id": 15,
        "year_id": 14,
        "demand": 26
    },
    {
        "no": 406,
        "job_id": 16,
        "year_id": 14,
        "demand": 20
    },
    {
        "no": 407,
        "job_id": 17,
        "year_id": 14,
        "demand": 23
    },
    {
        "no": 408,
        "job_id": 18,
        "year_id": 14,
        "demand": 49
    },
    {
        "no": 409,
        "job_id": 19,
        "year_id": 14,
        "demand": 38
    },
    {
        "no": 410,
        "job_id": 20,
        "year_id": 14,
        "demand": 20
    },
    {
        "no": 411,
        "job_id": 21,
        "year_id": 14,
        "demand": 40
    },
    {
        "no": 412,
        "job_id": 22,
        "year_id": 14,
        "demand": 15
    },
    {
        "no": 413,
        "job_id": 23,
        "year_id": 14,
        "demand": 30
    },
    {
        "no": 414,
        "job_id": 24,
        "year_id": 14,
        "demand": 26
    },
    {
        "no": 415,
        "job_id": 25,
        "year_id": 14,
        "demand": 42
    },
    {
        "no": 416,
        "job_id": 26,
        "year_id": 14,
        "demand": 30
    },
    {
        "no": 417,
        "job_id": 27,
        "year_id": 14,
        "demand": 23
    },
    {
        "no": 418,
        "job_id": 28,
        "year_id": 14,
        "demand": 27
    },
    {
        "no": 419,
        "job_id": 29,
        "year_id": 14,
        "demand": 32
    },
    {
        "no": 420,
        "job_id": 30,
        "year_id": 14,
        "demand": 33
    },
    {
        "no": 421,
        "job_id": 1,
        "year_id": 15,
        "demand": 28
    },
    {
        "no": 422,
        "job_id": 2,
        "year_id": 15,
        "demand": 29
    },
    {
        "no": 423,
        "job_id": 3,
        "year_id": 15,
        "demand": 18
    },
    {
        "no": 424,
        "job_id": 4,
        "year_id": 15,
        "demand": 26
    },
    {
        "no": 425,
        "job_id": 5,
        "year_id": 15,
        "demand": 32
    },
    {
        "no": 426,
        "job_id": 6,
        "year_id": 15,
        "demand": 11
    },
    {
        "no": 427,
        "job_id": 7,
        "year_id": 15,
        "demand": 24
    },
    {
        "no": 428,
        "job_id": 8,
        "year_id": 15,
        "demand": 32
    },
    {
        "no": 429,
        "job_id": 9,
        "year_id": 15,
        "demand": 37
    },
    {
        "no": 430,
        "job_id": 10,
        "year_id": 15,
        "demand": 14
    },
    {
        "no": 431,
        "job_id": 11,
        "year_id": 15,
        "demand": 40
    },
    {
        "no": 432,
        "job_id": 12,
        "year_id": 15,
        "demand": 27
    },
    {
        "no": 433,
        "job_id": 13,
        "year_id": 15,
        "demand": 32
    },
    {
        "no": 434,
        "job_id": 14,
        "year_id": 15,
        "demand": 29
    },
    {
        "no": 435,
        "job_id": 15,
        "year_id": 15,
        "demand": 27
    },
    {
        "no": 436,
        "job_id": 16,
        "year_id": 15,
        "demand": 22
    },
    {
        "no": 437,
        "job_id": 17,
        "year_id": 15,
        "demand": 23
    },
    {
        "no": 438,
        "job_id": 18,
        "year_id": 15,
        "demand": 54
    },
    {
        "no": 439,
        "job_id": 19,
        "year_id": 15,
        "demand": 40
    },
    {
        "no": 440,
        "job_id": 20,
        "year_id": 15,
        "demand": 20
    },
    {
        "no": 441,
        "job_id": 21,
        "year_id": 15,
        "demand": 38
    },
    {
        "no": 442,
        "job_id": 22,
        "year_id": 15,
        "demand": 16
    },
    {
        "no": 443,
        "job_id": 23,
        "year_id": 15,
        "demand": 33
    },
    {
        "no": 444,
        "job_id": 24,
        "year_id": 15,
        "demand": 28
    },
    {
        "no": 445,
        "job_id": 25,
        "year_id": 15,
        "demand": 42
    },
    {
        "no": 446,
        "job_id": 26,
        "year_id": 15,
        "demand": 31
    },
    {
        "no": 447,
        "job_id": 27,
        "year_id": 15,
        "demand": 24
    },
    {
        "no": 448,
        "job_id": 28,
        "year_id": 15,
        "demand": 27
    },
    {
        "no": 449,
        "job_id": 29,
        "year_id": 15,
        "demand": 36
    },
    {
        "no": 450,
        "job_id": 30,
        "year_id": 15,
        "demand": 33
    },
    {
        "no": 451,
        "job_id": 1,
        "year_id": 16,
        "demand": 31
    },
    {
        "no": 452,
        "job_id": 2,
        "year_id": 16,
        "demand": 32
    },
    {
        "no": 453,
        "job_id": 3,
        "year_id": 16,
        "demand": 18
    },
    {
        "no": 454,
        "job_id": 4,
        "year_id": 16,
        "demand": 28
    },
    {
        "no": 455,
        "job_id": 5,
        "year_id": 16,
        "demand": 35
    },
    {
        "no": 456,
        "job_id": 6,
        "year_id": 16,
        "demand": 12
    },
    {
        "no": 457,
        "job_id": 7,
        "year_id": 16,
        "demand": 26
    },
    {
        "no": 458,
        "job_id": 8,
        "year_id": 16,
        "demand": 34
    },
    {
        "no": 459,
        "job_id": 9,
        "year_id": 16,
        "demand": 39
    },
    {
        "no": 460,
        "job_id": 10,
        "year_id": 16,
        "demand": 16
    },
    {
        "no": 461,
        "job_id": 11,
        "year_id": 16,
        "demand": 39
    },
    {
        "no": 462,
        "job_id": 12,
        "year_id": 16,
        "demand": 29
    },
    {
        "no": 463,
        "job_id": 13,
        "year_id": 16,
        "demand": 34
    },
    {
        "no": 464,
        "job_id": 14,
        "year_id": 16,
        "demand": 32
    },
    {
        "no": 465,
        "job_id": 15,
        "year_id": 16,
        "demand": 29
    },
    {
        "no": 466,
        "job_id": 16,
        "year_id": 16,
        "demand": 25
    },
    {
        "no": 467,
        "job_id": 17,
        "year_id": 16,
        "demand": 26
    },
    {
        "no": 468,
        "job_id": 18,
        "year_id": 16,
        "demand": 58
    },
    {
        "no": 469,
        "job_id": 19,
        "year_id": 16,
        "demand": 40
    },
    {
        "no": 470,
        "job_id": 20,
        "year_id": 16,
        "demand": 21
    },
    {
        "no": 471,
        "job_id": 21,
        "year_id": 16,
        "demand": 37
    },
    {
        "no": 472,
        "job_id": 22,
        "year_id": 16,
        "demand": 16
    },
    {
        "no": 473,
        "job_id": 23,
        "year_id": 16,
        "demand": 36
    },
    {
        "no": 474,
        "job_id": 24,
        "year_id": 16,
        "demand": 28
    },
    {
        "no": 475,
        "job_id": 25,
        "year_id": 16,
        "demand": 42
    },
    {
        "no": 476,
        "job_id": 26,
        "year_id": 16,
        "demand": 32
    },
    {
        "no": 477,
        "job_id": 27,
        "year_id": 16,
        "demand": 24
    },
    {
        "no": 478,
        "job_id": 28,
        "year_id": 16,
        "demand": 27
    },
    {
        "no": 479,
        "job_id": 29,
        "year_id": 16,
        "demand": 35
    },
    {
        "no": 480,
        "job_id": 30,
        "year_id": 16,
        "demand": 33
    },
    {
        "no": 481,
        "job_id": 1,
        "year_id": 17,
        "demand": 31
    },
    {
        "no": 482,
        "job_id": 2,
        "year_id": 17,
        "demand": 33
    },
    {
        "no": 483,
        "job_id": 3,
        "year_id": 17,
        "demand": 20
    },
    {
        "no": 484,
        "job_id": 4,
        "year_id": 17,
        "demand": 27
    },
    {
        "no": 485,
        "job_id": 5,
        "year_id": 17,
        "demand": 39
    },
    {
        "no": 486,
        "job_id": 6,
        "year_id": 17,
        "demand": 14
    },
    {
        "no": 487,
        "job_id": 7,
        "year_id": 17,
        "demand": 29
    },
    {
        "no": 488,
        "job_id": 8,
        "year_id": 17,
        "demand": 38
    },
    {
        "no": 489,
        "job_id": 9,
        "year_id": 17,
        "demand": 43
    },
    {
        "no": 490,
        "job_id": 10,
        "year_id": 17,
        "demand": 18
    },
    {
        "no": 491,
        "job_id": 11,
        "year_id": 17,
        "demand": 39
    },
    {
        "no": 492,
        "job_id": 12,
        "year_id": 17,
        "demand": 30
    },
    {
        "no": 493,
        "job_id": 13,
        "year_id": 17,
        "demand": 37
    },
    {
        "no": 494,
        "job_id": 14,
        "year_id": 17,
        "demand": 32
    },
    {
        "no": 495,
        "job_id": 15,
        "year_id": 17,
        "demand": 33
    },
    {
        "no": 496,
        "job_id": 16,
        "year_id": 17,
        "demand": 27
    },
    {
        "no": 497,
        "job_id": 17,
        "year_id": 17,
        "demand": 27
    },
    {
        "no": 498,
        "job_id": 18,
        "year_id": 17,
        "demand": 58
    },
    {
        "no": 499,
        "job_id": 19,
        "year_id": 17,
        "demand": 45
    },
    {
        "no": 500,
        "job_id": 20,
        "year_id": 17,
        "demand": 21
    },
    {
        "no": 501,
        "job_id": 21,
        "year_id": 17,
        "demand": 39
    },
    {
        "no": 502,
        "job_id": 22,
        "year_id": 17,
        "demand": 18
    },
    {
        "no": 503,
        "job_id": 23,
        "year_id": 17,
        "demand": 35
    },
    {
        "no": 504,
        "job_id": 24,
        "year_id": 17,
        "demand": 32
    },
    {
        "no": 505,
        "job_id": 25,
        "year_id": 17,
        "demand": 47
    },
    {
        "no": 506,
        "job_id": 26,
        "year_id": 17,
        "demand": 33
    },
    {
        "no": 507,
        "job_id": 27,
        "year_id": 17,
        "demand": 26
    },
    {
        "no": 508,
        "job_id": 28,
        "year_id": 17,
        "demand": 30
    },
    {
        "no": 509,
        "job_id": 29,
        "year_id": 17,
        "demand": 39
    },
    {
        "no": 510,
        "job_id": 30,
        "year_id": 17,
        "demand": 35
    },
    {
        "no": 511,
        "job_id": 1,
        "year_id": 18,
        "demand": 35
    },
    {
        "no": 512,
        "job_id": 2,
        "year_id": 18,
        "demand": 34
    },
    {
        "no": 513,
        "job_id": 3,
        "year_id": 18,
        "demand": 19
    },
    {
        "no": 514,
        "job_id": 4,
        "year_id": 18,
        "demand": 27
    },
    {
        "no": 515,
        "job_id": 5,
        "year_id": 18,
        "demand": 42
    },
    {
        "no": 516,
        "job_id": 6,
        "year_id": 18,
        "demand": 16
    },
    {
        "no": 517,
        "job_id": 7,
        "year_id": 18,
        "demand": 32
    },
    {
        "no": 518,
        "job_id": 8,
        "year_id": 18,
        "demand": 37
    },
    {
        "no": 519,
        "job_id": 9,
        "year_id": 18,
        "demand": 42
    },
    {
        "no": 520,
        "job_id": 10,
        "year_id": 18,
        "demand": 18
    },
    {
        "no": 521,
        "job_id": 11,
        "year_id": 18,
        "demand": 43
    },
    {
        "no": 522,
        "job_id": 12,
        "year_id": 18,
        "demand": 29
    },
    {
        "no": 523,
        "job_id": 13,
        "year_id": 18,
        "demand": 41
    },
    {
        "no": 524,
        "job_id": 14,
        "year_id": 18,
        "demand": 33
    },
    {
        "no": 525,
        "job_id": 15,
        "year_id": 18,
        "demand": 37
    },
    {
        "no": 526,
        "job_id": 16,
        "year_id": 18,
        "demand": 30
    },
    {
        "no": 527,
        "job_id": 17,
        "year_id": 18,
        "demand": 27
    },
    {
        "no": 528,
        "job_id": 18,
        "year_id": 18,
        "demand": 59
    },
    {
        "no": 529,
        "job_id": 19,
        "year_id": 18,
        "demand": 44
    },
    {
        "no": 530,
        "job_id": 20,
        "year_id": 18,
        "demand": 23
    },
    {
        "no": 531,
        "job_id": 21,
        "year_id": 18,
        "demand": 43
    },
    {
        "no": 532,
        "job_id": 22,
        "year_id": 18,
        "demand": 18
    },
    {
        "no": 533,
        "job_id": 23,
        "year_id": 18,
        "demand": 40
    },
    {
        "no": 534,
        "job_id": 24,
        "year_id": 18,
        "demand": 31
    },
    {
        "no": 535,
        "job_id": 25,
        "year_id": 18,
        "demand": 49
    },
    {
        "no": 536,
        "job_id": 26,
        "year_id": 18,
        "demand": 36
    },
    {
        "no": 537,
        "job_id": 27,
        "year_id": 18,
        "demand": 30
    },
    {
        "no": 538,
        "job_id": 28,
        "year_id": 18,
        "demand": 32
    },
    {
        "no": 539,
        "job_id": 29,
        "year_id": 18,
        "demand": 44
    },
    {
        "no": 540,
        "job_id": 30,
        "year_id": 18,
        "demand": 36
    },
    {
        "no": 541,
        "job_id": 1,
        "year_id": 19,
        "demand": 35
    },
    {
        "no": 542,
        "job_id": 2,
        "year_id": 19,
        "demand": 38
    },
    {
        "no": 543,
        "job_id": 3,
        "year_id": 19,
        "demand": 19
    },
    {
        "no": 544,
        "job_id": 4,
        "year_id": 19,
        "demand": 28
    },
    {
        "no": 545,
        "job_id": 5,
        "year_id": 19,
        "demand": 46
    },
    {
        "no": 546,
        "job_id": 6,
        "year_id": 19,
        "demand": 16
    },
    {
        "no": 547,
        "job_id": 7,
        "year_id": 19,
        "demand": 33
    },
    {
        "no": 548,
        "job_id": 8,
        "year_id": 19,
        "demand": 39
    },
    {
        "no": 549,
        "job_id": 9,
        "year_id": 19,
        "demand": 46
    },
    {
        "no": 550,
        "job_id": 10,
        "year_id": 19,
        "demand": 18
    },
    {
        "no": 551,
        "job_id": 11,
        "year_id": 19,
        "demand": 45
    },
    {
        "no": 552,
        "job_id": 12,
        "year_id": 19,
        "demand": 28
    },
    {
        "no": 553,
        "job_id": 13,
        "year_id": 19,
        "demand": 41
    },
    {
        "no": 554,
        "job_id": 14,
        "year_id": 19,
        "demand": 36
    },
    {
        "no": 555,
        "job_id": 15,
        "year_id": 19,
        "demand": 40
    },
    {
        "no": 556,
        "job_id": 16,
        "year_id": 19,
        "demand": 32
    },
    {
        "no": 557,
        "job_id": 17,
        "year_id": 19,
        "demand": 27
    },
    {
        "no": 558,
        "job_id": 18,
        "year_id": 19,
        "demand": 63
    },
    {
        "no": 559,
        "job_id": 19,
        "year_id": 19,
        "demand": 48
    },
    {
        "no": 560,
        "job_id": 20,
        "year_id": 19,
        "demand": 24
    },
    {
        "no": 561,
        "job_id": 21,
        "year_id": 19,
        "demand": 45
    },
    {
        "no": 562,
        "job_id": 22,
        "year_id": 19,
        "demand": 19
    },
    {
        "no": 563,
        "job_id": 23,
        "year_id": 19,
        "demand": 45
    },
    {
        "no": 564,
        "job_id": 24,
        "year_id": 19,
        "demand": 33
    },
    {
        "no": 565,
        "job_id": 25,
        "year_id": 19,
        "demand": 49
    },
    {
        "no": 566,
        "job_id": 26,
        "year_id": 19,
        "demand": 39
    },
    {
        "no": 567,
        "job_id": 27,
        "year_id": 19,
        "demand": 31
    },
    {
        "no": 568,
        "job_id": 28,
        "year_id": 19,
        "demand": 35
    },
    {
        "no": 569,
        "job_id": 29,
        "year_id": 19,
        "demand": 44
    },
    {
        "no": 570,
        "job_id": 30,
        "year_id": 19,
        "demand": 40
    },
    {
        "no": 571,
        "job_id": 1,
        "year_id": 20,
        "demand": 38
    },
    {
        "no": 572,
        "job_id": 2,
        "year_id": 20,
        "demand": 38
    },
    {
        "no": 573,
        "job_id": 3,
        "year_id": 20,
        "demand": 19
    },
    {
        "no": 574,
        "job_id": 4,
        "year_id": 20,
        "demand": 29
    },
    {
        "no": 575,
        "job_id": 5,
        "year_id": 20,
        "demand": 49
    },
    {
        "no": 576,
        "job_id": 6,
        "year_id": 20,
        "demand": 17
    },
    {
        "no": 577,
        "job_id": 7,
        "year_id": 20,
        "demand": 37
    },
    {
        "no": 578,
        "job_id": 8,
        "year_id": 20,
        "demand": 40
    },
    {
        "no": 579,
        "job_id": 9,
        "year_id": 20,
        "demand": 50
    },
    {
        "no": 580,
        "job_id": 10,
        "year_id": 20,
        "demand": 20
    },
    {
        "no": 581,
        "job_id": 11,
        "year_id": 20,
        "demand": 46
    },
    {
        "no": 582,
        "job_id": 12,
        "year_id": 20,
        "demand": 32
    },
    {
        "no": 583,
        "job_id": 13,
        "year_id": 20,
        "demand": 45
    },
    {
        "no": 584,
        "job_id": 14,
        "year_id": 20,
        "demand": 39
    },
    {
        "no": 585,
        "job_id": 15,
        "year_id": 20,
        "demand": 42
    },
    {
        "no": 586,
        "job_id": 16,
        "year_id": 20,
        "demand": 34
    },
    {
        "no": 587,
        "job_id": 17,
        "year_id": 20,
        "demand": 31
    },
    {
        "no": 588,
        "job_id": 18,
        "year_id": 20,
        "demand": 71
    },
    {
        "no": 589,
        "job_id": 19,
        "year_id": 20,
        "demand": 51
    },
    {
        "no": 590,
        "job_id": 20,
        "year_id": 20,
        "demand": 25
    },
    {
        "no": 591,
        "job_id": 21,
        "year_id": 20,
        "demand": 50
    },
    {
        "no": 592,
        "job_id": 22,
        "year_id": 20,
        "demand": 19
    },
    {
        "no": 593,
        "job_id": 23,
        "year_id": 20,
        "demand": 47
    },
    {
        "no": 594,
        "job_id": 24,
        "year_id": 20,
        "demand": 33
    },
    {
        "no": 595,
        "job_id": 25,
        "year_id": 20,
        "demand": 49
    },
    {
        "no": 596,
        "job_id": 26,
        "year_id": 20,
        "demand": 43
    },
    {
        "no": 597,
        "job_id": 27,
        "year_id": 20,
        "demand": 30
    },
    {
        "no": 598,
        "job_id": 28,
        "year_id": 20,
        "demand": 38
    },
    {
        "no": 599,
        "job_id": 29,
        "year_id": 20,
        "demand": 49
    },
    {
        "no": 600,
        "job_id": 30,
        "year_id": 20,
        "demand": 45
    },
    {
        "no": 601,
        "job_id": 1,
        "year_id": 21,
        "demand": 40
    },
    {
        "no": 602,
        "job_id": 2,
        "year_id": 21,
        "demand": 40
    },
    {
        "no": 603,
        "job_id": 3,
        "year_id": 21,
        "demand": 21
    },
    {
        "no": 604,
        "job_id": 4,
        "year_id": 21,
        "demand": 33
    },
    {
        "no": 605,
        "job_id": 5,
        "year_id": 21,
        "demand": 51
    },
    {
        "no": 606,
        "job_id": 6,
        "year_id": 21,
        "demand": 20
    },
    {
        "no": 607,
        "job_id": 7,
        "year_id": 21,
        "demand": 39
    },
    {
        "no": 608,
        "job_id": 8,
        "year_id": 21,
        "demand": 39
    },
    {
        "no": 609,
        "job_id": 9,
        "year_id": 21,
        "demand": 50
    },
    {
        "no": 610,
        "job_id": 10,
        "year_id": 21,
        "demand": 21
    },
    {
        "no": 611,
        "job_id": 11,
        "year_id": 21,
        "demand": 46
    },
    {
        "no": 612,
        "job_id": 12,
        "year_id": 21,
        "demand": 35
    },
    {
        "no": 613,
        "job_id": 13,
        "year_id": 21,
        "demand": 50
    },
    {
        "no": 614,
        "job_id": 14,
        "year_id": 21,
        "demand": 41
    },
    {
        "no": 615,
        "job_id": 15,
        "year_id": 21,
        "demand": 44
    },
    {
        "no": 616,
        "job_id": 16,
        "year_id": 21,
        "demand": 33
    },
    {
        "no": 617,
        "job_id": 17,
        "year_id": 21,
        "demand": 35
    },
    {
        "no": 618,
        "job_id": 18,
        "year_id": 21,
        "demand": 76
    },
    {
        "no": 619,
        "job_id": 19,
        "year_id": 21,
        "demand": 56
    },
    {
        "no": 620,
        "job_id": 20,
        "year_id": 21,
        "demand": 25
    },
    {
        "no": 621,
        "job_id": 21,
        "year_id": 21,
        "demand": 50
    },
    {
        "no": 622,
        "job_id": 22,
        "year_id": 21,
        "demand": 20
    },
    {
        "no": 623,
        "job_id": 23,
        "year_id": 21,
        "demand": 48
    },
    {
        "no": 624,
        "job_id": 24,
        "year_id": 21,
        "demand": 33
    },
    {
        "no": 625,
        "job_id": 25,
        "year_id": 21,
        "demand": 49
    },
    {
        "no": 626,
        "job_id": 26,
        "year_id": 21,
        "demand": 47
    },
    {
        "no": 627,
        "job_id": 27,
        "year_id": 21,
        "demand": 31
    },
    {
        "no": 628,
        "job_id": 28,
        "year_id": 21,
        "demand": 37
    },
    {
        "no": 629,
        "job_id": 29,
        "year_id": 21,
        "demand": 53
    },
    {
        "no": 630,
        "job_id": 30,
        "year_id": 21,
        "demand": 49
    },
    {
        "no": 631,
        "job_id": 1,
        "year_id": 22,
        "demand": 45
    },
    {
        "no": 632,
        "job_id": 2,
        "year_id": 22,
        "demand": 42
    },
    {
        "no": 633,
        "job_id": 3,
        "year_id": 22,
        "demand": 21
    },
    {
        "no": 634,
        "job_id": 4,
        "year_id": 22,
        "demand": 34
    },
    {
        "no": 635,
        "job_id": 5,
        "year_id": 22,
        "demand": 51
    },
    {
        "no": 636,
        "job_id": 6,
        "year_id": 22,
        "demand": 22
    },
    {
        "no": 637,
        "job_id": 7,
        "year_id": 22,
        "demand": 41
    },
    {
        "no": 638,
        "job_id": 8,
        "year_id": 22,
        "demand": 38
    },
    {
        "no": 639,
        "job_id": 9,
        "year_id": 22,
        "demand": 52
    },
    {
        "no": 640,
        "job_id": 10,
        "year_id": 22,
        "demand": 21
    },
    {
        "no": 641,
        "job_id": 11,
        "year_id": 22,
        "demand": 52
    },
    {
        "no": 642,
        "job_id": 12,
        "year_id": 22,
        "demand": 35
    },
    {
        "no": 643,
        "job_id": 13,
        "year_id": 22,
        "demand": 50
    },
    {
        "no": 644,
        "job_id": 14,
        "year_id": 22,
        "demand": 42
    },
    {
        "no": 645,
        "job_id": 15,
        "year_id": 22,
        "demand": 42
    },
    {
        "no": 646,
        "job_id": 16,
        "year_id": 22,
        "demand": 37
    },
    {
        "no": 647,
        "job_id": 17,
        "year_id": 22,
        "demand": 38
    },
    {
        "no": 648,
        "job_id": 18,
        "year_id": 22,
        "demand": 83
    },
    {
        "no": 649,
        "job_id": 19,
        "year_id": 22,
        "demand": 62
    },
    {
        "no": 650,
        "job_id": 20,
        "year_id": 22,
        "demand": 25
    },
    {
        "no": 651,
        "job_id": 21,
        "year_id": 22,
        "demand": 55
    },
    {
        "no": 652,
        "job_id": 22,
        "year_id": 22,
        "demand": 19
    },
    {
        "no": 653,
        "job_id": 23,
        "year_id": 22,
        "demand": 48
    },
    {
        "no": 654,
        "job_id": 24,
        "year_id": 22,
        "demand": 36
    },
    {
        "no": 655,
        "job_id": 25,
        "year_id": 22,
        "demand": 52
    },
    {
        "no": 656,
        "job_id": 26,
        "year_id": 22,
        "demand": 50
    },
    {
        "no": 657,
        "job_id": 27,
        "year_id": 22,
        "demand": 35
    },
    {
        "no": 658,
        "job_id": 28,
        "year_id": 22,
        "demand": 37
    },
    {
        "no": 659,
        "job_id": 29,
        "year_id": 22,
        "demand": 55
    },
    {
        "no": 660,
        "job_id": 30,
        "year_id": 22,
        "demand": 50
    },
    {
        "no": 661,
        "job_id": 1,
        "year_id": 23,
        "demand": 46
    },
    {
        "no": 662,
        "job_id": 2,
        "year_id": 23,
        "demand": 46
    },
    {
        "no": 663,
        "job_id": 3,
        "year_id": 23,
        "demand": 24
    },
    {
        "no": 664,
        "job_id": 4,
        "year_id": 23,
        "demand": 36
    },
    {
        "no": 665,
        "job_id": 5,
        "year_id": 23,
        "demand": 53
    },
    {
        "no": 666,
        "job_id": 6,
        "year_id": 23,
        "demand": 21
    },
    {
        "no": 667,
        "job_id": 7,
        "year_id": 23,
        "demand": 42
    },
    {
        "no": 668,
        "job_id": 8,
        "year_id": 23,
        "demand": 41
    },
    {
        "no": 669,
        "job_id": 9,
        "year_id": 23,
        "demand": 51
    },
    {
        "no": 670,
        "job_id": 10,
        "year_id": 23,
        "demand": 20
    },
    {
        "no": 671,
        "job_id": 11,
        "year_id": 23,
        "demand": 50
    },
    {
        "no": 672,
        "job_id": 12,
        "year_id": 23,
        "demand": 34
    },
    {
        "no": 673,
        "job_id": 13,
        "year_id": 23,
        "demand": 56
    },
    {
        "no": 674,
        "job_id": 14,
        "year_id": 23,
        "demand": 43
    },
    {
        "no": 675,
        "job_id": 15,
        "year_id": 23,
        "demand": 45
    },
    {
        "no": 676,
        "job_id": 16,
        "year_id": 23,
        "demand": 36
    },
    {
        "no": 677,
        "job_id": 17,
        "year_id": 23,
        "demand": 43
    },
    {
        "no": 678,
        "job_id": 18,
        "year_id": 23,
        "demand": 88
    },
    {
        "no": 679,
        "job_id": 19,
        "year_id": 23,
        "demand": 62
    },
    {
        "no": 680,
        "job_id": 20,
        "year_id": 23,
        "demand": 27
    },
    {
        "no": 681,
        "job_id": 21,
        "year_id": 23,
        "demand": 56
    },
    {
        "no": 682,
        "job_id": 22,
        "year_id": 23,
        "demand": 19
    },
    {
        "no": 683,
        "job_id": 23,
        "year_id": 23,
        "demand": 54
    },
    {
        "no": 684,
        "job_id": 24,
        "year_id": 23,
        "demand": 38
    },
    {
        "no": 685,
        "job_id": 25,
        "year_id": 23,
        "demand": 56
    },
    {
        "no": 686,
        "job_id": 26,
        "year_id": 23,
        "demand": 56
    },
    {
        "no": 687,
        "job_id": 27,
        "year_id": 23,
        "demand": 40
    },
    {
        "no": 688,
        "job_id": 28,
        "year_id": 23,
        "demand": 39
    },
    {
        "no": 689,
        "job_id": 29,
        "year_id": 23,
        "demand": 57
    },
    {
        "no": 690,
        "job_id": 30,
        "year_id": 23,
        "demand": 48
    },
    {
        "no": 691,
        "job_id": 1,
        "year_id": 24,
        "demand": 51
    },
    {
        "no": 692,
        "job_id": 2,
        "year_id": 24,
        "demand": 44
    },
    {
        "no": 693,
        "job_id": 3,
        "year_id": 24,
        "demand": 24
    },
    {
        "no": 694,
        "job_id": 4,
        "year_id": 24,
        "demand": 41
    },
    {
        "no": 695,
        "job_id": 5,
        "year_id": 24,
        "demand": 57
    },
    {
        "no": 696,
        "job_id": 6,
        "year_id": 24,
        "demand": 22
    },
    {
        "no": 697,
        "job_id": 7,
        "year_id": 24,
        "demand": 41
    },
    {
        "no": 698,
        "job_id": 8,
        "year_id": 24,
        "demand": 40
    },
    {
        "no": 699,
        "job_id": 9,
        "year_id": 24,
        "demand": 52
    },
    {
        "no": 700,
        "job_id": 10,
        "year_id": 24,
        "demand": 20
    },
    {
        "no": 701,
        "job_id": 11,
        "year_id": 24,
        "demand": 54
    },
    {
        "no": 702,
        "job_id": 12,
        "year_id": 24,
        "demand": 37
    },
    {
        "no": 703,
        "job_id": 13,
        "year_id": 24,
        "demand": 56
    },
    {
        "no": 704,
        "job_id": 14,
        "year_id": 24,
        "demand": 42
    },
    {
        "no": 705,
        "job_id": 15,
        "year_id": 24,
        "demand": 45
    },
    {
        "no": 706,
        "job_id": 16,
        "year_id": 24,
        "demand": 40
    },
    {
        "no": 707,
        "job_id": 17,
        "year_id": 24,
        "demand": 47
    },
    {
        "no": 708,
        "job_id": 18,
        "year_id": 24,
        "demand": 93
    },
    {
        "no": 709,
        "job_id": 19,
        "year_id": 24,
        "demand": 64
    },
    {
        "no": 710,
        "job_id": 20,
        "year_id": 24,
        "demand": 30
    },
    {
        "no": 711,
        "job_id": 21,
        "year_id": 24,
        "demand": 58
    },
    {
        "no": 712,
        "job_id": 22,
        "year_id": 24,
        "demand": 20
    },
    {
        "no": 713,
        "job_id": 23,
        "year_id": 24,
        "demand": 57
    },
    {
        "no": 714,
        "job_id": 24,
        "year_id": 24,
        "demand": 40
    },
    {
        "no": 715,
        "job_id": 25,
        "year_id": 24,
        "demand": 60
    },
    {
        "no": 716,
        "job_id": 26,
        "year_id": 24,
        "demand": 60
    },
    {
        "no": 717,
        "job_id": 27,
        "year_id": 24,
        "demand": 45
    },
    {
        "no": 718,
        "job_id": 28,
        "year_id": 24,
        "demand": 40
    },
    {
        "no": 719,
        "job_id": 29,
        "year_id": 24,
        "demand": 59
    },
    {
        "no": 720,
        "job_id": 30,
        "year_id": 24,
        "demand": 48
    },
    {
        "no": 721,
        "job_id": 1,
        "year_id": 25,
        "demand": 55
    },
    {
        "no": 722,
        "job_id": 2,
        "year_id": 25,
        "demand": 50
    },
    {
        "no": 723,
        "job_id": 3,
        "year_id": 25,
        "demand": 24
    },
    {
        "no": 724,
        "job_id": 4,
        "year_id": 25,
        "demand": 43
    },
    {
        "no": 725,
        "job_id": 5,
        "year_id": 25,
        "demand": 63
    },
    {
        "no": 726,
        "job_id": 6,
        "year_id": 25,
        "demand": 22
    },
    {
        "no": 727,
        "job_id": 7,
        "year_id": 25,
        "demand": 42
    },
    {
        "no": 728,
        "job_id": 8,
        "year_id": 25,
        "demand": 42
    },
    {
        "no": 729,
        "job_id": 9,
        "year_id": 25,
        "demand": 58
    },
    {
        "no": 730,
        "job_id": 10,
        "year_id": 25,
        "demand": 22
    },
    {
        "no": 731,
        "job_id": 11,
        "year_id": 25,
        "demand": 56
    },
    {
        "no": 732,
        "job_id": 12,
        "year_id": 25,
        "demand": 38
    },
    {
        "no": 733,
        "job_id": 13,
        "year_id": 25,
        "demand": 54
    },
    {
        "no": 734,
        "job_id": 14,
        "year_id": 25,
        "demand": 42
    },
    {
        "no": 735,
        "job_id": 15,
        "year_id": 25,
        "demand": 49
    },
    {
        "no": 736,
        "job_id": 16,
        "year_id": 25,
        "demand": 38
    },
    {
        "no": 737,
        "job_id": 17,
        "year_id": 25,
        "demand": 50
    },
    {
        "no": 738,
        "job_id": 18,
        "year_id": 25,
        "demand": 94
    },
    {
        "no": 739,
        "job_id": 19,
        "year_id": 25,
        "demand": 63
    },
    {
        "no": 740,
        "job_id": 20,
        "year_id": 25,
        "demand": 33
    },
    {
        "no": 741,
        "job_id": 21,
        "year_id": 25,
        "demand": 65
    },
    {
        "no": 742,
        "job_id": 22,
        "year_id": 25,
        "demand": 23
    },
    {
        "no": 743,
        "job_id": 23,
        "year_id": 25,
        "demand": 64
    },
    {
        "no": 744,
        "job_id": 24,
        "year_id": 25,
        "demand": 40
    },
    {
        "no": 745,
        "job_id": 25,
        "year_id": 25,
        "demand": 65
    },
    {
        "no": 746,
        "job_id": 26,
        "year_id": 25,
        "demand": 68
    },
    {
        "no": 747,
        "job_id": 27,
        "year_id": 25,
        "demand": 50
    },
    {
        "no": 748,
        "job_id": 28,
        "year_id": 25,
        "demand": 44
    },
    {
        "no": 749,
        "job_id": 29,
        "year_id": 25,
        "demand": 59
    },
    {
        "no": 750,
        "job_id": 30,
        "year_id": 25,
        "demand": 47
    },
    {
        "no": 751,
        "job_id": 1,
        "year_id": 26,
        "demand": 57
    },
    {
        "no": 752,
        "job_id": 2,
        "year_id": 26,
        "demand": 53
    },
    {
        "no": 753,
        "job_id": 3,
        "year_id": 26,
        "demand": 24
    },
    {
        "no": 754,
        "job_id": 4,
        "year_id": 26,
        "demand": 44
    },
    {
        "no": 755,
        "job_id": 5,
        "year_id": 26,
        "demand": 68
    },
    {
        "no": 756,
        "job_id": 6,
        "year_id": 26,
        "demand": 23
    },
    {
        "no": 757,
        "job_id": 7,
        "year_id": 26,
        "demand": 46
    },
    {
        "no": 758,
        "job_id": 8,
        "year_id": 26,
        "demand": 41
    },
    {
        "no": 759,
        "job_id": 9,
        "year_id": 26,
        "demand": 59
    },
    {
        "no": 760,
        "job_id": 10,
        "year_id": 26,
        "demand": 22
    },
    {
        "no": 761,
        "job_id": 11,
        "year_id": 26,
        "demand": 62
    },
    {
        "no": 762,
        "job_id": 12,
        "year_id": 26,
        "demand": 38
    },
    {
        "no": 763,
        "job_id": 13,
        "year_id": 26,
        "demand": 57
    },
    {
        "no": 764,
        "job_id": 14,
        "year_id": 26,
        "demand": 47
    },
    {
        "no": 765,
        "job_id": 15,
        "year_id": 26,
        "demand": 49
    },
    {
        "no": 766,
        "job_id": 16,
        "year_id": 26,
        "demand": 37
    },
    {
        "no": 767,
        "job_id": 17,
        "year_id": 26,
        "demand": 55
    },
    {
        "no": 768,
        "job_id": 18,
        "year_id": 26,
        "demand": 97
    },
    {
        "no": 769,
        "job_id": 19,
        "year_id": 26,
        "demand": 65
    },
    {
        "no": 770,
        "job_id": 20,
        "year_id": 26,
        "demand": 32
    },
    {
        "no": 771,
        "job_id": 21,
        "year_id": 26,
        "demand": 65
    },
    {
        "no": 772,
        "job_id": 22,
        "year_id": 26,
        "demand": 25
    },
    {
        "no": 773,
        "job_id": 23,
        "year_id": 26,
        "demand": 66
    },
    {
        "no": 774,
        "job_id": 24,
        "year_id": 26,
        "demand": 41
    },
    {
        "no": 775,
        "job_id": 25,
        "year_id": 26,
        "demand": 62
    },
    {
        "no": 776,
        "job_id": 26,
        "year_id": 26,
        "demand": 66
    },
    {
        "no": 777,
        "job_id": 27,
        "year_id": 26,
        "demand": 51
    },
    {
        "no": 778,
        "job_id": 28,
        "year_id": 26,
        "demand": 46
    },
    {
        "no": 779,
        "job_id": 29,
        "year_id": 26,
        "demand": 57
    },
    {
        "no": 780,
        "job_id": 30,
        "year_id": 26,
        "demand": 52
    },
    {
        "no": 781,
        "job_id": 1,
        "year_id": 27,
        "demand": 64
    },
    {
        "no": 782,
        "job_id": 2,
        "year_id": 27,
        "demand": 59
    },
    {
        "no": 783,
        "job_id": 3,
        "year_id": 27,
        "demand": 25
    },
    {
        "no": 784,
        "job_id": 4,
        "year_id": 27,
        "demand": 43
    },
    {
        "no": 785,
        "job_id": 5,
        "year_id": 27,
        "demand": 75
    },
    {
        "no": 786,
        "job_id": 6,
        "year_id": 27,
        "demand": 25
    },
    {
        "no": 787,
        "job_id": 7,
        "year_id": 27,
        "demand": 46
    },
    {
        "no": 788,
        "job_id": 8,
        "year_id": 27,
        "demand": 43
    },
    {
        "no": 789,
        "job_id": 9,
        "year_id": 27,
        "demand": 64
    },
    {
        "no": 790,
        "job_id": 10,
        "year_id": 27,
        "demand": 21
    },
    {
        "no": 791,
        "job_id": 11,
        "year_id": 27,
        "demand": 61
    },
    {
        "no": 792,
        "job_id": 12,
        "year_id": 27,
        "demand": 41
    },
    {
        "no": 793,
        "job_id": 13,
        "year_id": 27,
        "demand": 60
    },
    {
        "no": 794,
        "job_id": 14,
        "year_id": 27,
        "demand": 53
    },
    {
        "no": 795,
        "job_id": 15,
        "year_id": 27,
        "demand": 49
    },
    {
        "no": 796,
        "job_id": 16,
        "year_id": 27,
        "demand": 36
    },
    {
        "no": 797,
        "job_id": 17,
        "year_id": 27,
        "demand": 56
    },
    {
        "no": 798,
        "job_id": 18,
        "year_id": 27,
        "demand": 102
    },
    {
        "no": 799,
        "job_id": 19,
        "year_id": 27,
        "demand": 69
    },
    {
        "no": 800,
        "job_id": 20,
        "year_id": 27,
        "demand": 35
    },
    {
        "no": 801,
        "job_id": 21,
        "year_id": 27,
        "demand": 63
    },
    {
        "no": 802,
        "job_id": 22,
        "year_id": 27,
        "demand": 28
    },
    {
        "no": 803,
        "job_id": 23,
        "year_id": 27,
        "demand": 64
    },
    {
        "no": 804,
        "job_id": 24,
        "year_id": 27,
        "demand": 40
    },
    {
        "no": 805,
        "job_id": 25,
        "year_id": 27,
        "demand": 67
    },
    {
        "no": 806,
        "job_id": 26,
        "year_id": 27,
        "demand": 71
    },
    {
        "no": 807,
        "job_id": 27,
        "year_id": 27,
        "demand": 57
    },
    {
        "no": 808,
        "job_id": 28,
        "year_id": 27,
        "demand": 51
    },
    {
        "no": 809,
        "job_id": 29,
        "year_id": 27,
        "demand": 59
    },
    {
        "no": 810,
        "job_id": 30,
        "year_id": 27,
        "demand": 50
    },
    {
        "no": 811,
        "job_id": 1,
        "year_id": 28,
        "demand": 64
    },
    {
        "no": 812,
        "job_id": 2,
        "year_id": 28,
        "demand": 64
    },
    {
        "no": 813,
        "job_id": 3,
        "year_id": 28,
        "demand": 25
    },
    {
        "no": 814,
        "job_id": 4,
        "year_id": 28,
        "demand": 43
    },
    {
        "no": 815,
        "job_id": 5,
        "year_id": 28,
        "demand": 77
    },
    {
        "no": 816,
        "job_id": 6,
        "year_id": 28,
        "demand": 28
    },
    {
        "no": 817,
        "job_id": 7,
        "year_id": 28,
        "demand": 46
    },
    {
        "no": 818,
        "job_id": 8,
        "year_id": 28,
        "demand": 48
    },
    {
        "no": 819,
        "job_id": 9,
        "year_id": 28,
        "demand": 70
    },
    {
        "no": 820,
        "job_id": 10,
        "year_id": 28,
        "demand": 20
    },
    {
        "no": 821,
        "job_id": 11,
        "year_id": 28,
        "demand": 66
    },
    {
        "no": 822,
        "job_id": 12,
        "year_id": 28,
        "demand": 42
    },
    {
        "no": 823,
        "job_id": 13,
        "year_id": 28,
        "demand": 65
    },
    {
        "no": 824,
        "job_id": 14,
        "year_id": 28,
        "demand": 60
    },
    {
        "no": 825,
        "job_id": 15,
        "year_id": 28,
        "demand": 50
    },
    {
        "no": 826,
        "job_id": 16,
        "year_id": 28,
        "demand": 35
    },
    {
        "no": 827,
        "job_id": 17,
        "year_id": 28,
        "demand": 58
    },
    {
        "no": 828,
        "job_id": 18,
        "year_id": 28,
        "demand": 106
    },
    {
        "no": 829,
        "job_id": 19,
        "year_id": 28,
        "demand": 74
    },
    {
        "no": 830,
        "job_id": 20,
        "year_id": 28,
        "demand": 39
    },
    {
        "no": 831,
        "job_id": 21,
        "year_id": 28,
        "demand": 62
    },
    {
        "no": 832,
        "job_id": 22,
        "year_id": 28,
        "demand": 29
    },
    {
        "no": 833,
        "job_id": 23,
        "year_id": 28,
        "demand": 70
    },
    {
        "no": 834,
        "job_id": 24,
        "year_id": 28,
        "demand": 39
    },
    {
        "no": 835,
        "job_id": 25,
        "year_id": 28,
        "demand": 65
    },
    {
        "no": 836,
        "job_id": 26,
        "year_id": 28,
        "demand": 75
    },
    {
        "no": 837,
        "job_id": 27,
        "year_id": 28,
        "demand": 57
    },
    {
        "no": 838,
        "job_id": 28,
        "year_id": 28,
        "demand": 56
    },
    {
        "no": 839,
        "job_id": 29,
        "year_id": 28,
        "demand": 64
    },
    {
        "no": 840,
        "job_id": 30,
        "year_id": 28,
        "demand": 49
    },
    {
        "no": 841,
        "job_id": 1,
        "year_id": 29,
        "demand": 67
    },
    {
        "no": 842,
        "job_id": 2,
        "year_id": 29,
        "demand": 70
    },
    {
        "no": 843,
        "job_id": 3,
        "year_id": 29,
        "demand": 24
    },
    {
        "no": 844,
        "job_id": 4,
        "year_id": 29,
        "demand": 49
    },
    {
        "no": 845,
        "job_id": 5,
        "year_id": 29,
        "demand": 77
    },
    {
        "no": 846,
        "job_id": 6,
        "year_id": 29,
        "demand": 32
    },
    {
        "no": 847,
        "job_id": 7,
        "year_id": 29,
        "demand": 51
    },
    {
        "no": 848,
        "job_id": 8,
        "year_id": 29,
        "demand": 48
    },
    {
        "no": 849,
        "job_id": 9,
        "year_id": 29,
        "demand": 75
    },
    {
        "no": 850,
        "job_id": 10,
        "year_id": 29,
        "demand": 19
    },
    {
        "no": 851,
        "job_id": 11,
        "year_id": 29,
        "demand": 65
    },
    {
        "no": 852,
        "job_id": 12,
        "year_id": 29,
        "demand": 44
    },
    {
        "no": 853,
        "job_id": 13,
        "year_id": 29,
        "demand": 73
    },
    {
        "no": 854,
        "job_id": 14,
        "year_id": 29,
        "demand": 61
    },
    {
        "no": 855,
        "job_id": 15,
        "year_id": 29,
        "demand": 54
    },
    {
        "no": 856,
        "job_id": 16,
        "year_id": 29,
        "demand": 38
    },
    {
        "no": 857,
        "job_id": 17,
        "year_id": 29,
        "demand": 65
    },
    {
        "no": 858,
        "job_id": 18,
        "year_id": 29,
        "demand": 106
    },
    {
        "no": 859,
        "job_id": 19,
        "year_id": 29,
        "demand": 72
    },
    {
        "no": 860,
        "job_id": 20,
        "year_id": 29,
        "demand": 38
    },
    {
        "no": 861,
        "job_id": 21,
        "year_id": 29,
        "demand": 65
    },
    {
        "no": 862,
        "job_id": 22,
        "year_id": 29,
        "demand": 30
    },
    {
        "no": 863,
        "job_id": 23,
        "year_id": 29,
        "demand": 75
    },
    {
        "no": 864,
        "job_id": 24,
        "year_id": 29,
        "demand": 44
    },
    {
        "no": 865,
        "job_id": 25,
        "year_id": 29,
        "demand": 65
    },
    {
        "no": 866,
        "job_id": 26,
        "year_id": 29,
        "demand": 81
    },
    {
        "no": 867,
        "job_id": 27,
        "year_id": 29,
        "demand": 59
    },
    {
        "no": 868,
        "job_id": 28,
        "year_id": 29,
        "demand": 59
    },
    {
        "no": 869,
        "job_id": 29,
        "year_id": 29,
        "demand": 63
    },
    {
        "no": 870,
        "job_id": 30,
        "year_id": 29,
        "demand": 55
    },
    {
        "no": 871,
        "job_id": 1,
        "year_id": 30,
        "demand": 74
    },
    {
        "no": 872,
        "job_id": 2,
        "year_id": 30,
        "demand": 71
    },
    {
        "no": 873,
        "job_id": 3,
        "year_id": 30,
        "demand": 24
    },
    {
        "no": 874,
        "job_id": 4,
        "year_id": 30,
        "demand": 51
    },
    {
        "no": 875,
        "job_id": 5,
        "year_id": 30,
        "demand": 86
    },
    {
        "no": 876,
        "job_id": 6,
        "year_id": 30,
        "demand": 33
    },
    {
        "no": 877,
        "job_id": 7,
        "year_id": 30,
        "demand": 54
    },
    {
        "no": 878,
        "job_id": 8,
        "year_id": 30,
        "demand": 50
    },
    {
        "no": 879,
        "job_id": 9,
        "year_id": 30,
        "demand": 74
    },
    {
        "no": 880,
        "job_id": 10,
        "year_id": 30,
        "demand": 22
    },
    {
        "no": 881,
        "job_id": 11,
        "year_id": 30,
        "demand": 69
    },
    {
        "no": 882,
        "job_id": 12,
        "year_id": 30,
        "demand": 47
    },
    {
        "no": 883,
        "job_id": 13,
        "year_id": 30,
        "demand": 74
    },
    {
        "no": 884,
        "job_id": 14,
        "year_id": 30,
        "demand": 65
    },
    {
        "no": 885,
        "job_id": 15,
        "year_id": 30,
        "demand": 59
    },
    {
        "no": 886,
        "job_id": 16,
        "year_id": 30,
        "demand": 39
    },
    {
        "no": 887,
        "job_id": 17,
        "year_id": 30,
        "demand": 73
    },
    {
        "no": 888,
        "job_id": 18,
        "year_id": 30,
        "demand": 111
    },
    {
        "no": 889,
        "job_id": 19,
        "year_id": 30,
        "demand": 71
    },
    {
        "no": 890,
        "job_id": 20,
        "year_id": 30,
        "demand": 40
    },
    {
        "no": 891,
        "job_id": 21,
        "year_id": 30,
        "demand": 72
    },
    {
        "no": 892,
        "job_id": 22,
        "year_id": 30,
        "demand": 30
    },
    {
        "no": 893,
        "job_id": 23,
        "year_id": 30,
        "demand": 78
    },
    {
        "no": 894,
        "job_id": 24,
        "year_id": 30,
        "demand": 49
    },
    {
        "no": 895,
        "job_id": 25,
        "year_id": 30,
        "demand": 66
    },
    {
        "no": 896,
        "job_id": 26,
        "year_id": 30,
        "demand": 79
    },
    {
        "no": 897,
        "job_id": 27,
        "year_id": 30,
        "demand": 65
    },
    {
        "no": 898,
        "job_id": 28,
        "year_id": 30,
        "demand": 61
    },
    {
        "no": 899,
        "job_id": 29,
        "year_id": 30,
        "demand": 67
    },
    {
        "no": 900,
        "job_id": 30,
        "year_id": 30,
        "demand": 55
    },
    {
        "no": 901,
        "job_id": 1,
        "year_id": 31,
        "demand": 80
    },
    {
        "no": 902,
        "job_id": 2,
        "year_id": 31,
        "demand": 80
    },
    {
        "no": 903,
        "job_id": 3,
        "year_id": 31,
        "demand": 26
    },
    {
        "no": 904,
        "job_id": 4,
        "year_id": 31,
        "demand": 49
    },
    {
        "no": 905,
        "job_id": 5,
        "year_id": 31,
        "demand": 97
    },
    {
        "no": 906,
        "job_id": 6,
        "year_id": 31,
        "demand": 34
    },
    {
        "no": 907,
        "job_id": 7,
        "year_id": 31,
        "demand": 59
    },
    {
        "no": 908,
        "job_id": 8,
        "year_id": 31,
        "demand": 52
    },
    {
        "no": 909,
        "job_id": 9,
        "year_id": 31,
        "demand": 83
    },
    {
        "no": 910,
        "job_id": 10,
        "year_id": 31,
        "demand": 22
    },
    {
        "no": 911,
        "job_id": 11,
        "year_id": 31,
        "demand": 74
    },
    {
        "no": 912,
        "job_id": 12,
        "year_id": 31,
        "demand": 52
    },
    {
        "no": 913,
        "job_id": 13,
        "year_id": 31,
        "demand": 77
    },
    {
        "no": 914,
        "job_id": 14,
        "year_id": 31,
        "demand": 62
    },
    {
        "no": 915,
        "job_id": 15,
        "year_id": 31,
        "demand": 61
    },
    {
        "no": 916,
        "job_id": 16,
        "year_id": 31,
        "demand": 44
    },
    {
        "no": 917,
        "job_id": 17,
        "year_id": 31,
        "demand": 76
    },
    {
        "no": 918,
        "job_id": 18,
        "year_id": 31,
        "demand": 119
    },
    {
        "no": 919,
        "job_id": 19,
        "year_id": 31,
        "demand": 68
    },
    {
        "no": 920,
        "job_id": 20,
        "year_id": 31,
        "demand": 40
    },
    {
        "no": 921,
        "job_id": 21,
        "year_id": 31,
        "demand": 74
    },
    {
        "no": 922,
        "job_id": 22,
        "year_id": 31,
        "demand": 30
    },
    {
        "no": 923,
        "job_id": 23,
        "year_id": 31,
        "demand": 79
    },
    {
        "no": 924,
        "job_id": 24,
        "year_id": 31,
        "demand": 55
    },
    {
        "no": 925,
        "job_id": 25,
        "year_id": 31,
        "demand": 74
    },
    {
        "no": 926,
        "job_id": 26,
        "year_id": 31,
        "demand": 76
    },
    {
        "no": 927,
        "job_id": 27,
        "year_id": 31,
        "demand": 73
    },
    {
        "no": 928,
        "job_id": 28,
        "year_id": 31,
        "demand": 61
    },
    {
        "no": 929,
        "job_id": 29,
        "year_id": 31,
        "demand": 72
    },
    {
        "no": 930,
        "job_id": 30,
        "year_id": 31,
        "demand": 56
    },
    {
        "no": 931,
        "job_id": 1,
        "year_id": 32,
        "demand": 80
    },
    {
        "no": 932,
        "job_id": 2,
        "year_id": 32,
        "demand": 79
    },
    {
        "no": 933,
        "job_id": 3,
        "year_id": 32,
        "demand": 27
    },
    {
        "no": 934,
        "job_id": 4,
        "year_id": 32,
        "demand": 53
    },
    {
        "no": 935,
        "job_id": 5,
        "year_id": 32,
        "demand": 94
    },
    {
        "no": 936,
        "job_id": 6,
        "year_id": 32,
        "demand": 36
    },
    {
        "no": 937,
        "job_id": 7,
        "year_id": 32,
        "demand": 67
    },
    {
        "no": 938,
        "job_id": 8,
        "year_id": 32,
        "demand": 52
    },
    {
        "no": 939,
        "job_id": 9,
        "year_id": 32,
        "demand": 88
    },
    {
        "no": 940,
        "job_id": 10,
        "year_id": 32,
        "demand": 23
    },
    {
        "no": 941,
        "job_id": 11,
        "year_id": 32,
        "demand": 76
    },
    {
        "no": 942,
        "job_id": 12,
        "year_id": 32,
        "demand": 58
    },
    {
        "no": 943,
        "job_id": 13,
        "year_id": 32,
        "demand": 77
    },
    {
        "no": 944,
        "job_id": 14,
        "year_id": 32,
        "demand": 66
    },
    {
        "no": 945,
        "job_id": 15,
        "year_id": 32,
        "demand": 67
    },
    {
        "no": 946,
        "job_id": 16,
        "year_id": 32,
        "demand": 45
    },
    {
        "no": 947,
        "job_id": 17,
        "year_id": 32,
        "demand": 78
    },
    {
        "no": 948,
        "job_id": 18,
        "year_id": 32,
        "demand": 123
    },
    {
        "no": 949,
        "job_id": 19,
        "year_id": 32,
        "demand": 74
    },
    {
        "no": 950,
        "job_id": 20,
        "year_id": 32,
        "demand": 40
    },
    {
        "no": 951,
        "job_id": 21,
        "year_id": 32,
        "demand": 82
    },
    {
        "no": 952,
        "job_id": 22,
        "year_id": 32,
        "demand": 33
    },
    {
        "no": 953,
        "job_id": 23,
        "year_id": 32,
        "demand": 83
    },
    {
        "no": 954,
        "job_id": 24,
        "year_id": 32,
        "demand": 53
    },
    {
        "no": 955,
        "job_id": 25,
        "year_id": 32,
        "demand": 71
    },
    {
        "no": 956,
        "job_id": 26,
        "year_id": 32,
        "demand": 83
    },
    {
        "no": 957,
        "job_id": 27,
        "year_id": 32,
        "demand": 78
    },
    {
        "no": 958,
        "job_id": 28,
        "year_id": 32,
        "demand": 65
    },
    {
        "no": 959,
        "job_id": 29,
        "year_id": 32,
        "demand": 72
    },
    {
        "no": 960,
        "job_id": 30,
        "year_id": 32,
        "demand": 60
    }
]