[
    {
        "no": 1,
        "years": 1990
    },
    {
        "no": 2,
        "years": 1991
    },
    {
        "no": 3,
        "years": 1992
    },
    {
        "no": 4,
        "years": 1993
    },
    {
        "no": 5,
        "years": 1994
    },
    {
        "no": 6,
        "years": 1995
    },
    {
        "no": 7,
        "years": 1996
    },
    {
        "no": 8,
        "years": 1997
    },
    {
        "no": 9,
        "years": 1998
    },
    {
        "no": 10,
        "years": 1999
    },
    {
        "no": 11,
        "years": 2000
    },
    {
        "no": 12,
        "years": 2001
    },
    {
        "no": 13,
        "years": 2002
    },
    {
        "no": 14,
        "years": 2003
    },
    {
        "no": 15,
        "years": 2004
    },
    {
        "no": 16,
        "years": 2005
    },
    {
        "no": 17,
        "years": 2006
    },
    {
        "no": 18,
        "years": 2007
    },
    {
        "no": 19,
        "years": 2008
    },
    {
        "no": 20,
        "years": 2009
    },
    {
        "no": 21,
        "years": 2010
    },
    {
        "no": 22,
        "years": 2011
    },
    {
        "no": 23,
        "years": 2012
    },
    {
        "no": 24,
        "years": 2013
    },
    {
        "no": 25,
        "years": 2014
    },
    {
        "no": 26,
        "years": 2015
    },
    {
        "no": 27,
        "years": 2016
    },
    {
        "no": 28,
        "years": 2017
    },
    {
        "no": 29,
        "years": 2018
    },
    {
        "no": 30,
        "years": 2019
    },
    {
        "no": 31,
        "years": 2020
    },
    {
        "no": 32,
        "years": 2021
    }
]